-- phpMyAdmin SQL Dump
-- version 5.2.1
-- https://www.phpmyadmin.net/
--
-- Host: 127.0.0.1:3306
-- Generation Time: Jan 08, 2025 at 01:28 PM
-- Server version: 10.11.10-MariaDB
-- PHP Version: 7.2.34

SET SQL_MODE = "NO_AUTO_VALUE_ON_ZERO";
START TRANSACTION;
SET time_zone = "+00:00";


/*!40101 SET @OLD_CHARACTER_SET_CLIENT=@@CHARACTER_SET_CLIENT */;
/*!40101 SET @OLD_CHARACTER_SET_RESULTS=@@CHARACTER_SET_RESULTS */;
/*!40101 SET @OLD_COLLATION_CONNECTION=@@COLLATION_CONNECTION */;
/*!40101 SET NAMES utf8mb4 */;

--
-- Database: `u280565526_j5pharmacy`
--

-- --------------------------------------------------------

DROP TABLE IF EXISTS `star_points_transactions`;
DROP TABLE IF EXISTS `star_points`;
DROP TABLE IF EXISTS `prescription_items`;
DROP TABLE IF EXISTS `prescriptions`;
DROP TABLE IF EXISTS `held_transaction_items`;
DROP TABLE IF EXISTS `held_transactions`;
DROP TABLE IF EXISTS `sales_returns`;
DROP TABLE IF EXISTS `sales_payments`;
DROP TABLE IF EXISTS `sale_items`;
DROP TABLE IF EXISTS `sales`;
DROP TABLE IF EXISTS `sales_sessions`;
DROP TABLE IF EXISTS `pharmacist_sessions`;
DROP TABLE IF EXISTS `branch_inventory_archive`;
DROP TABLE IF EXISTS `branch_inventory`;
DROP TABLE IF EXISTS `products_archive`;
DROP TABLE IF EXISTS `category_barcode_counter`;
DROP TABLE IF EXISTS `category_archive`;
DROP TABLE IF EXISTS `cash_reconciliation`;
DROP TABLE IF EXISTS `invoice_sequence`;
DROP TABLE IF EXISTS `products`;
DROP TABLE IF EXISTS `customers`;
DROP TABLE IF EXISTS `pharmacist`;
DROP TABLE IF EXISTS `category`;
DROP TABLE IF EXISTS `branches`;
DROP TABLE IF EXISTS `test_accounts`;
DROP TABLE IF EXISTS `users`;

--
-- Table structure for table `branches`
--

CREATE TABLE `branches` (
  `branch_id` int(11) NOT NULL,
  `branch_code` varchar(255) NOT NULL,
  `branch_name` varchar(100) NOT NULL,
  `location` varchar(255) DEFAULT NULL,
  `branch_manager` varchar(100) DEFAULT NULL,
  `contact_number` varchar(15) DEFAULT NULL,
  `email` varchar(100) DEFAULT NULL,
  `is_active` tinyint(1) DEFAULT 1,
  `created_at` timestamp NULL DEFAULT current_timestamp(),
  `updated_at` timestamp NULL DEFAULT current_timestamp() ON UPDATE current_timestamp()
) ENGINE=InnoDB DEFAULT CHARSET=utf8mb4 COLLATE=utf8mb4_general_ci;

--
-- Dumping data for table `branches`
--

INSERT INTO `branches` (`branch_id`, `branch_code`, `branch_name`, `location`, `branch_manager`, `contact_number`, `email`, `is_active`, `created_at`, `updated_at`) VALUES
(1, 'ABC123', 'Bagong Silang, Caloocan City', 'Ph. 10-A Pkg. 2, Caloocan, Metro Manila', 'Jose Santos', '09998887777', 'josesantos@gmail.com', 1, '2024-12-10 07:03:20', '2024-12-18 21:29:08'),
(2, 'CBA123', 'Isla Talipapa, Bulacan', 'ISLA TALIPAPA, 588 Asuncion Diaz Abella Rd, San Jose del Monte City, 3023 Bulacan', 'Anna Dela Cruz', '09876665554', 'annads@gmail.com', 1, '2024-12-10 07:03:20', '2024-12-18 21:29:25'),
(3, 'EFG123', 'Kaypian, Bulacan', 'R379+7GW, Kaypian Rd, San Jose del Monte City, 3023 Bulacan', 'James Reyes', '09101918822', 'jamesreyes@gmail.com', 1, '2024-12-10 07:03:20', '2024-12-18 21:29:36'),
(4, 'TEST123', 'Testing Branch', 'Zen Garden', 'Kaizen Melix', '123456789', 'kaizen@smtwp.com', 1, '2025-01-05 13:01:08', '2025-01-05 13:01:08'),
(5, 'TEST456', 'Test Branch, Another One', 'Zen Garden, 244th Port', 'Kaizen Mai', '09123456789', 'kaimai@felix.com', 1, '2025-01-05 13:02:23', '2025-01-05 13:02:23');

-- --------------------------------------------------------

--
-- Table structure for table `branch_inventory`
--

CREATE TABLE `branch_inventory` (
  `inventory_id` int(11) NOT NULL,
  `branch_id` int(11) NOT NULL,
  `product_id` int(11) NOT NULL,
  `stock` int(11) NOT NULL DEFAULT 0,
  `expiryDate` date DEFAULT NULL,
  `is_active` tinyint(1) DEFAULT 1,
  `createdAt` timestamp NULL DEFAULT current_timestamp(),
  `updatedAt` timestamp NULL DEFAULT current_timestamp() ON UPDATE current_timestamp()
) ENGINE=InnoDB DEFAULT CHARSET=utf8mb4 COLLATE=utf8mb4_unicode_ci;

--
-- Dumping data for table `branch_inventory`
--

INSERT INTO `branch_inventory` (`inventory_id`, `branch_id`, `product_id`, `stock`, `expiryDate`, `is_active`, `createdAt`, `updatedAt`) VALUES
(1, 1, 3, 230, '2025-05-08', 0, '2025-01-04 16:57:26', '2025-01-06 07:26:53'),
(2, 1, 4, 100, NULL, 0, '2025-01-04 16:57:26', '2025-01-07 10:30:30'),
(3, 1, 5, 200, NULL, 0, '2025-01-04 16:57:26', '2025-01-07 10:30:30'),
(4, 1, 6, 90, NULL, 0, '2025-01-04 16:57:26', '2025-01-07 10:30:31'),
(5, 1, 7, 200, NULL, 1, '2025-01-04 16:57:26', '2025-01-04 16:57:26'),
(6, 1, 8, 300, NULL, 1, '2025-01-04 16:57:26', '2025-01-04 16:57:26'),
(7, 1, 9, 70, NULL, 1, '2025-01-04 16:57:26', '2025-01-04 16:57:26'),
(8, 1, 10, 200, NULL, 1, '2025-01-04 16:57:26', '2025-01-04 16:57:26'),
(9, 1, 11, 100, NULL, 1, '2025-01-04 16:57:26', '2025-01-04 16:57:26'),
(10, 1, 12, 100, NULL, 1, '2025-01-04 16:57:26', '2025-01-04 16:57:26'),
(11, 1, 13, 30, NULL, 1, '2025-01-04 16:57:26', '2025-01-04 16:57:26'),
(12, 1, 14, 100, NULL, 1, '2025-01-04 16:57:26', '2025-01-04 16:57:26'),
(13, 1, 15, 100, NULL, 1, '2025-01-04 16:57:26', '2025-01-04 16:57:26'),
(14, 1, 16, 100, NULL, 1, '2025-01-04 16:57:26', '2025-01-04 16:57:26'),
(15, 1, 17, 100, NULL, 1, '2025-01-04 16:57:26', '2025-01-04 16:57:26'),
(16, 1, 18, 100, NULL, 1, '2025-01-04 16:57:26', '2025-01-04 16:57:26'),
(17, 1, 19, 100, NULL, 1, '2025-01-04 16:57:26', '2025-01-04 16:57:26'),
(18, 1, 20, 200, NULL, 1, '2025-01-04 16:57:26', '2025-01-04 16:57:26'),
(19, 1, 21, 90, NULL, 1, '2025-01-04 16:57:26', '2025-01-04 16:57:26'),
(20, 1, 22, 100, NULL, 1, '2025-01-04 16:57:26', '2025-01-04 16:57:26'),
(21, 1, 23, 200, NULL, 1, '2025-01-04 16:57:26', '2025-01-04 16:57:26'),
(22, 1, 24, 100, NULL, 1, '2025-01-04 16:57:26', '2025-01-04 16:57:26'),
(23, 1, 25, 100, NULL, 1, '2025-01-04 16:57:26', '2025-01-04 16:57:26'),
(24, 1, 26, 100, NULL, 1, '2025-01-04 16:57:26', '2025-01-04 16:57:26'),
(25, 1, 27, 300, NULL, 1, '2025-01-04 16:57:26', '2025-01-04 16:57:26'),
(26, 1, 28, 60, NULL, 1, '2025-01-04 16:57:26', '2025-01-04 16:57:26'),
(27, 1, 29, 100, NULL, 1, '2025-01-04 16:57:26', '2025-01-04 16:57:26'),
(28, 1, 30, 100, NULL, 1, '2025-01-04 16:57:26', '2025-01-04 16:57:26'),
(29, 1, 31, 200, NULL, 1, '2025-01-04 16:57:26', '2025-01-04 16:57:26'),
(30, 1, 32, 100, NULL, 1, '2025-01-04 16:57:26', '2025-01-04 16:57:26'),
(31, 1, 33, 100, NULL, 1, '2025-01-04 16:57:26', '2025-01-04 16:57:26'),
(32, 1, 34, 100, NULL, 1, '2025-01-04 16:57:26', '2025-01-04 16:57:26'),
(33, 1, 35, 100, NULL, 1, '2025-01-04 16:57:26', '2025-01-04 16:57:26'),
(34, 1, 36, 100, NULL, 1, '2025-01-04 16:57:26', '2025-01-04 16:57:26'),
(35, 1, 37, 200, NULL, 1, '2025-01-04 16:57:26', '2025-01-04 16:57:26'),
(36, 1, 38, 100, NULL, 1, '2025-01-04 16:57:26', '2025-01-04 16:57:26'),
(37, 1, 39, 50, NULL, 1, '2025-01-04 16:57:26', '2025-01-04 16:57:26'),
(38, 1, 40, 100, NULL, 1, '2025-01-04 16:57:26', '2025-01-04 16:57:26'),
(39, 1, 41, 100, NULL, 1, '2025-01-04 16:57:26', '2025-01-04 16:57:26'),
(40, 1, 42, 30, NULL, 1, '2025-01-04 16:57:26', '2025-01-04 16:57:26'),
(41, 1, 43, 400, NULL, 1, '2025-01-04 16:57:26', '2025-01-04 16:57:26'),
(42, 1, 44, 400, NULL, 1, '2025-01-04 16:57:26', '2025-01-04 16:57:26'),
(43, 1, 45, 300, NULL, 1, '2025-01-04 16:57:26', '2025-01-04 16:57:26'),
(44, 1, 46, 100, NULL, 1, '2025-01-04 16:57:26', '2025-01-04 16:57:26'),
(45, 1, 47, 100, NULL, 1, '2025-01-04 16:57:26', '2025-01-04 16:57:26'),
(46, 1, 48, 100, NULL, 1, '2025-01-04 16:57:26', '2025-01-04 16:57:26'),
(47, 1, 49, 200, NULL, 1, '2025-01-04 16:57:26', '2025-01-04 16:57:26'),
(48, 1, 50, 200, NULL, 1, '2025-01-04 16:57:26', '2025-01-04 16:57:26'),
(49, 1, 51, 164, NULL, 1, '2025-01-04 16:57:26', '2025-01-04 16:57:26'),
(50, 1, 52, 50, NULL, 1, '2025-01-04 16:57:26', '2025-01-04 16:57:26'),
(51, 1, 53, 170, NULL, 1, '2025-01-04 16:57:26', '2025-01-04 16:57:26'),
(52, 1, 54, 300, NULL, 1, '2025-01-04 16:57:26', '2025-01-04 16:57:26'),
(53, 1, 55, 100, NULL, 1, '2025-01-04 16:57:26', '2025-01-04 16:57:26'),
(54, 1, 56, 80, NULL, 1, '2025-01-04 16:57:26', '2025-01-04 16:57:26'),
(55, 1, 57, 100, NULL, 1, '2025-01-04 16:57:26', '2025-01-04 16:57:26'),
(56, 1, 58, 100, NULL, 1, '2025-01-04 16:57:26', '2025-01-04 16:57:26'),
(57, 1, 59, 40, NULL, 1, '2025-01-04 16:57:26', '2025-01-04 16:57:26'),
(58, 1, 60, 100, NULL, 1, '2025-01-04 16:57:26', '2025-01-04 16:57:26'),
(59, 1, 61, 100, NULL, 1, '2025-01-04 16:57:26', '2025-01-04 16:57:26'),
(60, 1, 62, 380, NULL, 1, '2025-01-04 16:57:26', '2025-01-04 16:57:26'),
(61, 1, 63, 452, NULL, 1, '2025-01-04 16:57:26', '2025-01-04 16:57:26'),
(62, 1, 64, 40, NULL, 1, '2025-01-04 16:57:26', '2025-01-04 16:57:26'),
(63, 1, 65, 100, NULL, 1, '2025-01-04 16:57:26', '2025-01-04 16:57:26'),
(64, 1, 66, 200, NULL, 1, '2025-01-04 16:57:26', '2025-01-04 16:57:26'),
(65, 1, 67, 100, NULL, 1, '2025-01-04 16:57:26', '2025-01-04 16:57:26'),
(66, 1, 68, 80, NULL, 1, '2025-01-04 16:57:26', '2025-01-04 16:57:26'),
(67, 1, 69, 30, NULL, 1, '2025-01-04 16:57:26', '2025-01-04 16:57:26'),
(68, 1, 70, 190, NULL, 1, '2025-01-04 16:57:26', '2025-01-04 16:57:26'),
(69, 1, 71, 100, NULL, 1, '2025-01-04 16:57:26', '2025-01-04 16:57:26'),
(70, 1, 72, 500, NULL, 1, '2025-01-04 16:57:26', '2025-01-04 16:57:26'),
(71, 1, 73, 63, NULL, 1, '2025-01-04 16:57:26', '2025-01-04 16:57:26'),
(72, 1, 74, 100, NULL, 1, '2025-01-04 16:57:26', '2025-01-04 16:57:26'),
(73, 1, 75, 100, NULL, 1, '2025-01-04 16:57:26', '2025-01-04 16:57:26'),
(74, 1, 76, 100, NULL, 1, '2025-01-04 16:57:26', '2025-01-04 16:57:26'),
(75, 1, 77, 300, NULL, 1, '2025-01-04 16:57:26', '2025-01-04 16:57:26'),
(76, 1, 79, 27, NULL, 1, '2025-01-04 16:57:26', '2025-01-04 16:57:26'),
(77, 1, 80, 800, NULL, 1, '2025-01-04 16:57:26', '2025-01-04 16:57:26'),
(78, 1, 81, 54, NULL, 1, '2025-01-04 16:57:26', '2025-01-04 16:57:26'),
(79, 1, 82, 30, NULL, 1, '2025-01-04 16:57:26', '2025-01-04 16:57:26'),
(80, 1, 83, 60, NULL, 1, '2025-01-04 16:57:26', '2025-01-04 16:57:26'),
(81, 1, 84, 300, NULL, 1, '2025-01-04 16:57:26', '2025-01-04 16:57:26'),
(82, 1, 85, 300, NULL, 1, '2025-01-04 16:57:26', '2025-01-04 16:57:26'),
(83, 1, 86, 100, NULL, 1, '2025-01-04 16:57:26', '2025-01-04 16:57:26'),
(84, 1, 87, 70, NULL, 1, '2025-01-04 16:57:26', '2025-01-04 16:57:26'),
(85, 1, 89, 70, NULL, 1, '2025-01-04 16:57:26', '2025-01-04 16:57:26'),
(86, 1, 90, 200, NULL, 1, '2025-01-04 16:57:26', '2025-01-04 16:57:26'),
(87, 1, 91, 100, NULL, 1, '2025-01-04 16:57:26', '2025-01-04 16:57:26'),
(88, 1, 92, 100, NULL, 1, '2025-01-04 16:57:26', '2025-01-04 16:57:26'),
(89, 1, 93, 600, NULL, 1, '2025-01-04 16:57:26', '2025-01-04 16:57:26'),
(90, 1, 94, 100, NULL, 1, '2025-01-04 16:57:26', '2025-01-04 16:57:26'),
(91, 1, 95, 100, NULL, 1, '2025-01-04 16:57:26', '2025-01-04 16:57:26'),
(92, 1, 96, 200, NULL, 1, '2025-01-04 16:57:26', '2025-01-04 16:57:26'),
(93, 1, 97, 200, NULL, 1, '2025-01-04 16:57:26', '2025-01-04 16:57:26'),
(94, 1, 98, 100, NULL, 1, '2025-01-04 16:57:26', '2025-01-04 16:57:26'),
(95, 1, 99, 1000, NULL, 1, '2025-01-04 16:57:26', '2025-01-04 16:57:26'),
(96, 1, 100, 60, NULL, 1, '2025-01-04 16:57:26', '2025-01-04 16:57:26'),
(97, 1, 101, 100, NULL, 1, '2025-01-04 16:57:26', '2025-01-04 16:57:26'),
(98, 1, 102, 200, NULL, 1, '2025-01-04 16:57:26', '2025-01-04 16:57:26'),
(99, 1, 103, 800, NULL, 1, '2025-01-04 16:57:26', '2025-01-04 16:57:26'),
(100, 1, 104, 30, NULL, 1, '2025-01-04 16:57:26', '2025-01-04 16:57:26'),
(101, 1, 105, 100, NULL, 1, '2025-01-04 16:57:26', '2025-01-04 16:57:26'),
(102, 1, 106, 200, NULL, 1, '2025-01-04 16:57:26', '2025-01-04 16:57:26'),
(103, 1, 107, 200, NULL, 1, '2025-01-04 16:57:26', '2025-01-04 16:57:26'),
(104, 1, 108, 60, NULL, 1, '2025-01-04 16:57:26', '2025-01-04 16:57:26'),
(105, 1, 109, 300, NULL, 1, '2025-01-04 16:57:26', '2025-01-04 16:57:26'),
(106, 1, 110, 300, NULL, 1, '2025-01-04 16:57:26', '2025-01-04 16:57:26'),
(107, 1, 111, 3, NULL, 1, '2025-01-04 16:57:26', '2025-01-04 16:57:26'),
(108, 1, 112, 10, '2025-02-06', 1, '2025-01-04 16:57:26', '2025-01-06 10:28:25'),
(109, 1, 113, 3, NULL, 1, '2025-01-04 16:57:26', '2025-01-04 16:57:26'),
(110, 1, 114, 12, NULL, 1, '2025-01-04 16:57:26', '2025-01-06 10:21:35'),
(111, 1, 115, 3, NULL, 1, '2025-01-04 16:57:26', '2025-01-04 16:57:26'),
(112, 1, 117, 5, NULL, 1, '2025-01-04 16:57:26', '2025-01-06 10:28:25'),
(113, 1, 118, 3, NULL, 1, '2025-01-04 16:57:26', '2025-01-04 16:57:26'),
(114, 1, 119, 2, NULL, 1, '2025-01-04 16:57:26', '2025-01-04 16:57:26'),
(115, 1, 120, 3, NULL, 1, '2025-01-04 16:57:26', '2025-01-04 16:57:26'),
(116, 1, 121, 100, NULL, 1, '2025-01-04 16:57:26', '2025-01-04 16:57:26'),
(117, 1, 122, 22, NULL, 1, '2025-01-04 16:57:26', '2025-01-04 16:57:26'),
(118, 1, 123, 232, NULL, 0, '2025-01-04 16:57:26', '2025-01-05 16:44:47'),
(119, 1, 125, 10000, NULL, 1, '2025-01-04 16:57:26', '2025-01-04 16:57:26'),
(120, 1, 126, 555, NULL, 0, '2025-01-04 16:57:26', '2025-01-05 16:53:38'),
(121, 1, 127, 434, NULL, 0, '2025-01-04 16:57:26', '2025-01-05 09:28:51'),
(128, 2, 3, 50, '2025-08-28', 0, '2025-01-04 17:28:25', '2025-01-06 10:20:53'),
(129, 3, 3, 55, NULL, 0, '2025-01-04 17:28:31', '2025-01-06 07:26:53'),
(130, 2, 127, 199, NULL, 0, '2025-01-04 17:54:26', '2025-01-05 09:28:51'),
(131, 3, 127, 23, '2027-03-28', 0, '2025-01-04 17:54:57', '2025-01-05 09:28:51'),
(132, 1, 127, 434, NULL, 0, '2025-01-05 09:29:02', '2025-01-06 08:15:32'),
(133, 2, 127, 199, NULL, 0, '2025-01-05 09:29:02', '2025-01-06 08:15:32'),
(134, 3, 127, 23, '2027-03-28', 0, '2025-01-05 09:29:02', '2025-01-06 08:15:32'),
(135, 5, 3, 5, '2028-10-28', 0, '2025-01-05 13:02:49', '2025-01-06 07:26:53'),
(136, 4, 3, 132, NULL, 0, '2025-01-05 13:03:26', '2025-01-06 07:26:53'),
(137, 1, 128, 0, NULL, 0, '2025-01-05 16:05:16', '2025-01-05 16:57:37'),
(138, 2, 128, 0, NULL, 0, '2025-01-05 16:05:16', '2025-01-05 16:57:37'),
(139, 3, 128, 0, NULL, 0, '2025-01-05 16:05:16', '2025-01-05 16:57:37'),
(140, 4, 128, 0, NULL, 0, '2025-01-05 16:05:16', '2025-01-05 16:57:37'),
(141, 5, 128, 0, NULL, 0, '2025-01-05 16:05:16', '2025-01-05 16:57:37'),
(142, 1, 130, 0, NULL, 0, '2025-01-05 16:05:55', '2025-01-05 16:57:37'),
(143, 2, 130, 0, NULL, 0, '2025-01-05 16:05:55', '2025-01-05 16:57:37'),
(144, 3, 130, 0, NULL, 0, '2025-01-05 16:05:55', '2025-01-05 16:57:37'),
(145, 4, 130, 0, NULL, 0, '2025-01-05 16:05:55', '2025-01-05 16:57:37'),
(146, 5, 130, 0, NULL, 0, '2025-01-05 16:05:56', '2025-01-05 16:57:37'),
(147, 1, 132, 255, '2028-02-28', 0, '2025-01-05 16:20:42', '2025-01-05 16:53:38'),
(148, 2, 132, 0, NULL, 0, '2025-01-05 16:20:42', '2025-01-05 16:53:38'),
(149, 3, 132, 0, NULL, 0, '2025-01-05 16:20:42', '2025-01-05 16:53:38'),
(150, 4, 132, 0, NULL, 0, '2025-01-05 16:20:42', '2025-01-05 16:53:38'),
(151, 5, 132, 0, NULL, 0, '2025-01-05 16:20:42', '2025-01-05 16:53:38'),
(152, 1, 130, 0, NULL, 0, '2025-01-05 16:57:44', '2025-01-06 07:26:15'),
(153, 2, 130, 0, NULL, 0, '2025-01-05 16:57:44', '2025-01-06 07:26:15'),
(154, 3, 130, 0, NULL, 0, '2025-01-05 16:57:44', '2025-01-06 07:26:15'),
(155, 4, 130, 0, NULL, 0, '2025-01-05 16:57:44', '2025-01-06 07:26:15'),
(156, 5, 130, 0, NULL, 0, '2025-01-05 16:57:44', '2025-01-06 07:26:15'),
(157, 1, 128, 0, NULL, 0, '2025-01-05 16:57:46', '2025-01-06 07:26:09'),
(158, 2, 128, 0, NULL, 0, '2025-01-05 16:57:46', '2025-01-06 07:26:09'),
(159, 3, 128, 0, NULL, 0, '2025-01-05 16:57:46', '2025-01-06 07:26:09'),
(160, 4, 128, 0, NULL, 0, '2025-01-05 16:57:46', '2025-01-06 07:26:09'),
(161, 5, 128, 0, NULL, 0, '2025-01-05 16:57:47', '2025-01-06 07:26:09'),
(162, 1, 126, 555, NULL, 0, '2025-01-05 16:57:48', '2025-01-06 08:15:15'),
(163, 2, 126, 0, NULL, 0, '2025-01-05 16:57:48', '2025-01-06 08:15:15'),
(164, 3, 126, 0, NULL, 0, '2025-01-05 16:57:48', '2025-01-06 08:15:15'),
(165, 4, 126, 0, NULL, 0, '2025-01-05 16:57:48', '2025-01-06 08:15:15'),
(166, 5, 126, 0, NULL, 0, '2025-01-05 16:57:48', '2025-01-06 08:15:15'),
(167, 1, 132, 255, '2028-02-28', 0, '2025-01-05 16:57:49', '2025-01-06 07:25:00'),
(168, 2, 132, 0, NULL, 0, '2025-01-05 16:57:49', '2025-01-06 07:25:00'),
(169, 3, 132, 0, NULL, 0, '2025-01-05 16:57:50', '2025-01-06 07:25:00'),
(170, 4, 132, 0, NULL, 0, '2025-01-05 16:57:50', '2025-01-06 07:25:00'),
(171, 5, 132, 0, NULL, 0, '2025-01-05 16:57:50', '2025-01-06 07:25:00'),
(172, 1, 123, 232, NULL, 0, '2025-01-05 16:57:51', '2025-01-06 07:24:59'),
(173, 2, 123, 0, NULL, 0, '2025-01-05 16:57:51', '2025-01-06 07:24:59'),
(174, 3, 123, 0, NULL, 0, '2025-01-05 16:57:51', '2025-01-06 07:24:59'),
(175, 4, 123, 0, NULL, 0, '2025-01-05 16:57:51', '2025-01-06 07:24:59'),
(176, 5, 123, 0, NULL, 0, '2025-01-05 16:57:51', '2025-01-06 07:24:59'),
(177, 1, 132, 255, '2028-02-28', 0, '2025-01-06 07:25:54', '2025-01-06 07:26:08'),
(178, 2, 132, 0, NULL, 0, '2025-01-06 07:25:54', '2025-01-06 07:26:08'),
(179, 3, 132, 0, NULL, 0, '2025-01-06 07:25:54', '2025-01-06 07:26:08'),
(180, 4, 132, 0, NULL, 0, '2025-01-06 07:25:54', '2025-01-06 07:26:08'),
(181, 5, 132, 0, NULL, 0, '2025-01-06 07:25:55', '2025-01-06 07:26:08'),
(182, 1, 3, 230, '2025-05-08', 0, '2025-01-06 07:27:15', '2025-01-06 07:44:11'),
(183, 2, 3, 50, '2025-08-28', 0, '2025-01-06 07:27:16', '2025-01-06 10:20:53'),
(184, 3, 3, 55, NULL, 0, '2025-01-06 07:27:16', '2025-01-06 07:44:11'),
(185, 4, 3, 132, NULL, 0, '2025-01-06 07:27:16', '2025-01-06 07:44:11'),
(186, 5, 3, 5, '2028-10-28', 0, '2025-01-06 07:27:16', '2025-01-06 07:44:11'),
(187, 1, 3, 230, '2025-05-08', 0, '2025-01-06 07:49:35', '2025-01-06 07:52:10'),
(188, 2, 3, 50, '2025-08-28', 0, '2025-01-06 07:49:36', '2025-01-06 10:20:53'),
(189, 3, 3, 55, NULL, 0, '2025-01-06 07:49:36', '2025-01-06 07:52:10'),
(190, 4, 3, 132, NULL, 0, '2025-01-06 07:49:36', '2025-01-06 07:52:10'),
(191, 5, 3, 5, '2028-10-28', 0, '2025-01-06 07:49:36', '2025-01-06 07:52:10'),
(192, 1, 3, 230, '2025-05-08', 0, '2025-01-06 08:00:35', '2025-01-06 08:37:11'),
(193, 2, 3, 50, '2025-08-28', 0, '2025-01-06 08:00:35', '2025-01-06 10:20:53'),
(194, 3, 3, 55, NULL, 0, '2025-01-06 08:00:35', '2025-01-06 08:37:11'),
(195, 4, 3, 132, NULL, 0, '2025-01-06 08:00:35', '2025-01-06 08:37:11'),
(196, 5, 3, 5, '2028-10-28', 0, '2025-01-06 08:00:35', '2025-01-06 08:37:11'),
(197, 1, 127, 434, NULL, 0, '2025-01-06 08:22:22', '2025-01-06 08:28:30'),
(198, 2, 127, 199, NULL, 0, '2025-01-06 08:22:22', '2025-01-06 08:28:30'),
(199, 3, 127, 23, '2027-03-28', 0, '2025-01-06 08:22:22', '2025-01-06 08:28:30'),
(200, 4, 127, 0, NULL, 0, '2025-01-06 08:22:22', '2025-01-06 08:28:30'),
(201, 5, 127, 0, NULL, 0, '2025-01-06 08:22:23', '2025-01-06 08:28:30'),
(202, 1, 128, 0, NULL, 0, '2025-01-06 08:22:31', '2025-01-06 08:28:30'),
(203, 2, 128, 0, NULL, 0, '2025-01-06 08:22:31', '2025-01-06 08:28:30'),
(204, 3, 128, 0, NULL, 0, '2025-01-06 08:22:31', '2025-01-06 08:28:30'),
(205, 4, 128, 0, NULL, 0, '2025-01-06 08:22:31', '2025-01-06 08:28:30'),
(206, 5, 128, 0, NULL, 0, '2025-01-06 08:22:32', '2025-01-06 08:28:30'),
(207, 1, 132, 255, '2028-02-28', 0, '2025-01-06 08:22:34', '2025-01-06 08:28:30'),
(208, 2, 132, 0, NULL, 0, '2025-01-06 08:22:34', '2025-01-06 08:28:30'),
(209, 3, 132, 0, NULL, 0, '2025-01-06 08:22:34', '2025-01-06 08:28:30'),
(210, 4, 132, 0, NULL, 0, '2025-01-06 08:22:34', '2025-01-06 08:28:30'),
(211, 5, 132, 0, NULL, 0, '2025-01-06 08:22:34', '2025-01-06 08:28:30'),
(212, 1, 132, 255, '2028-02-28', 0, '2025-01-06 08:28:57', '2025-01-06 08:37:11'),
(213, 2, 132, 0, NULL, 0, '2025-01-06 08:28:57', '2025-01-06 08:37:11'),
(214, 3, 132, 0, NULL, 0, '2025-01-06 08:28:57', '2025-01-06 08:37:11'),
(215, 4, 132, 0, NULL, 0, '2025-01-06 08:28:57', '2025-01-06 08:37:11'),
(216, 5, 132, 0, NULL, 0, '2025-01-06 08:28:57', '2025-01-06 08:37:11'),
(217, 1, 127, 434, NULL, 0, '2025-01-06 08:36:47', '2025-01-06 08:37:11'),
(218, 2, 127, 199, NULL, 0, '2025-01-06 08:36:47', '2025-01-06 08:37:11'),
(219, 3, 127, 23, '2027-03-28', 0, '2025-01-06 08:36:47', '2025-01-06 08:37:11'),
(220, 4, 127, 0, NULL, 0, '2025-01-06 08:36:48', '2025-01-06 08:37:11'),
(221, 5, 127, 0, NULL, 0, '2025-01-06 08:36:48', '2025-01-06 08:37:11'),
(222, 1, 128, 0, NULL, 0, '2025-01-06 08:36:48', '2025-01-06 08:37:11'),
(223, 2, 128, 0, NULL, 0, '2025-01-06 08:36:49', '2025-01-06 08:37:11'),
(224, 3, 128, 0, NULL, 0, '2025-01-06 08:36:49', '2025-01-06 08:37:11'),
(225, 4, 128, 0, NULL, 0, '2025-01-06 08:36:49', '2025-01-06 08:37:11'),
(226, 5, 128, 0, NULL, 0, '2025-01-06 08:36:49', '2025-01-06 08:37:11'),
(227, 1, 126, 555, NULL, 0, '2025-01-06 08:36:50', '2025-01-06 08:37:11'),
(228, 2, 126, 0, NULL, 0, '2025-01-06 08:36:50', '2025-01-06 08:37:11'),
(229, 3, 126, 0, NULL, 0, '2025-01-06 08:36:50', '2025-01-06 08:37:11'),
(230, 4, 126, 0, NULL, 0, '2025-01-06 08:36:50', '2025-01-06 08:37:11'),
(231, 5, 126, 0, NULL, 0, '2025-01-06 08:36:50', '2025-01-06 08:37:11'),
(232, 2, 114, 11, NULL, 1, '2025-01-06 10:19:21', '2025-01-06 10:21:35'),
(233, 2, 5, 50, NULL, 0, '2025-01-06 10:20:01', '2025-01-07 10:30:30'),
(234, 1, 3, 230, '2025-05-08', 0, '2025-01-06 10:20:40', '2025-01-07 10:30:30'),
(235, 2, 3, 50, '2025-08-28', 0, '2025-01-06 10:20:40', '2025-01-07 10:30:30'),
(236, 3, 3, 55, NULL, 0, '2025-01-06 10:20:40', '2025-01-07 10:30:30'),
(237, 4, 3, 132, NULL, 0, '2025-01-06 10:20:40', '2025-01-07 10:30:30'),
(238, 5, 3, 5, '2028-10-28', 0, '2025-01-06 10:20:40', '2025-01-07 10:30:30'),
(239, 2, 112, 9, '2026-02-10', 1, '2025-01-06 10:24:14', '2025-01-06 10:28:25'),
(240, 1, 133, 523, NULL, 0, '2025-01-08 09:13:52', '2025-01-08 10:30:54'),
(241, 2, 133, 234, NULL, 0, '2025-01-08 09:13:52', '2025-01-08 10:30:54'),
(242, 3, 133, 123, NULL, 0, '2025-01-08 09:13:52', '2025-01-08 10:30:54'),
(243, 4, 133, 555, NULL, 0, '2025-01-08 09:13:52', '2025-01-08 10:30:54'),
(244, 5, 133, 434, NULL, 0, '2025-01-08 09:13:52', '2025-01-08 10:30:54'),
(245, 1, 134, 4324, NULL, 1, '2025-01-08 12:07:48', '2025-01-08 12:07:48'),
(246, 2, 134, 444, NULL, 1, '2025-01-08 12:07:48', '2025-01-08 12:07:48'),
(247, 3, 134, 222, NULL, 1, '2025-01-08 12:07:48', '2025-01-08 12:07:48'),
(248, 4, 134, 0, NULL, 1, '2025-01-08 12:07:48', '2025-01-08 12:07:48'),
(249, 5, 134, 1111, NULL, 1, '2025-01-08 12:07:48', '2025-01-08 12:07:48'),
(250, 1, 135, 55, NULL, 1, '2025-01-08 12:23:19', '2025-01-08 12:23:19'),
(251, 2, 135, 166, NULL, 1, '2025-01-08 12:23:19', '2025-01-08 12:23:19'),
(252, 3, 135, 43, NULL, 1, '2025-01-08 12:23:20', '2025-01-08 12:23:20'),
(253, 4, 135, 0, NULL, 1, '2025-01-08 12:23:20', '2025-01-08 12:23:20'),
(254, 5, 135, 252, NULL, 1, '2025-01-08 12:23:20', '2025-01-08 12:23:20'),
(255, 1, 136, 15, NULL, 1, '2025-01-08 12:24:51', '2025-01-08 12:24:51'),
(256, 2, 136, 0, NULL, 1, '2025-01-08 12:24:51', '2025-01-08 12:24:51'),
(257, 3, 136, 5, NULL, 1, '2025-01-08 12:24:51', '2025-01-08 12:24:51'),
(258, 4, 136, 0, NULL, 1, '2025-01-08 12:24:51', '2025-01-08 12:24:51'),
(259, 5, 136, 344, '2025-01-30', 1, '2025-01-08 12:24:51', '2025-01-08 12:24:51');

-- --------------------------------------------------------

--
-- Table structure for table `branch_inventory_archive`
--

CREATE TABLE `branch_inventory_archive` (
  `id` int(11) NOT NULL,
  `branch_id` int(11) NOT NULL,
  `product_id` int(11) NOT NULL,
  `stock` int(11) NOT NULL DEFAULT 0,
  `expiryDate` date DEFAULT NULL,
  `archived_by` varchar(20) NOT NULL,
  `archive_reason` text NOT NULL,
  `archived_at` timestamp NOT NULL DEFAULT current_timestamp()
) ENGINE=InnoDB DEFAULT CHARSET=utf8mb4 COLLATE=utf8mb4_general_ci;

--
-- Dumping data for table `branch_inventory_archive`
--

INSERT INTO `branch_inventory_archive` (`id`, `branch_id`, `product_id`, `stock`, `expiryDate`, `archived_by`, `archive_reason`, `archived_at`) VALUES
(34, 1, 123, 232, NULL, '000', 'asda', '2025-01-06 07:24:59'),
(35, 2, 123, 0, NULL, '000', 'asda', '2025-01-06 07:24:59'),
(36, 3, 123, 0, NULL, '000', 'asda', '2025-01-06 07:24:59'),
(37, 4, 123, 0, NULL, '000', 'asda', '2025-01-06 07:24:59'),
(38, 5, 123, 0, NULL, '000', 'asda', '2025-01-06 07:24:59'),
(62, 1, 130, 0, NULL, '10000003', 'ahh', '2025-01-06 07:26:15'),
(63, 2, 130, 0, NULL, '10000003', 'ahh', '2025-01-06 07:26:15'),
(64, 3, 130, 0, NULL, '10000003', 'ahh', '2025-01-06 07:26:15'),
(65, 4, 130, 0, NULL, '10000003', 'ahh', '2025-01-06 07:26:15'),
(66, 5, 130, 0, NULL, '10000003', 'ahh', '2025-01-06 07:26:15'),
(121, 1, 128, 0, NULL, '000', 'test\n', '2025-01-06 16:37:11'),
(122, 2, 128, 0, NULL, '000', 'test\n', '2025-01-06 16:37:11'),
(123, 3, 128, 0, NULL, '000', 'test\n', '2025-01-06 16:37:11'),
(124, 4, 128, 0, NULL, '000', 'test\n', '2025-01-06 16:37:11'),
(125, 5, 128, 0, NULL, '000', 'test\n', '2025-01-06 16:37:11'),
(128, 1, 132, 255, '2028-02-28', '000', 'test\n', '2025-01-06 16:37:11'),
(129, 2, 132, 0, NULL, '000', 'test\n', '2025-01-06 16:37:11'),
(130, 3, 132, 0, NULL, '000', 'test\n', '2025-01-06 16:37:11'),
(131, 4, 132, 0, NULL, '000', 'test\n', '2025-01-06 16:37:11'),
(132, 5, 132, 0, NULL, '000', 'test\n', '2025-01-06 16:37:11'),
(142, 1, 127, 434, NULL, '000', 'test\n', '2025-01-06 16:37:11'),
(143, 2, 127, 199, NULL, '000', 'test\n', '2025-01-06 16:37:11'),
(144, 3, 127, 23, '2027-03-28', '000', 'test\n', '2025-01-06 16:37:11'),
(145, 4, 127, 0, NULL, '000', 'test\n', '2025-01-06 16:37:11'),
(146, 5, 127, 0, NULL, '000', 'test\n', '2025-01-06 16:37:11'),
(149, 1, 126, 555, NULL, '000', 'test\n', '2025-01-06 16:37:11'),
(150, 2, 126, 0, NULL, '000', 'test\n', '2025-01-06 16:37:11'),
(151, 3, 126, 0, NULL, '000', 'test\n', '2025-01-06 16:37:11'),
(152, 4, 126, 0, NULL, '000', 'test\n', '2025-01-06 16:37:11'),
(153, 5, 126, 0, NULL, '000', 'test\n', '2025-01-06 16:37:11'),
(156, 1, 4, 100, NULL, '000', 'branded', '2025-01-07 18:30:30'),
(157, 1, 3, 230, '2025-05-08', '000', 'branded', '2025-01-07 18:30:30'),
(158, 2, 3, 50, '2025-08-28', '000', 'branded', '2025-01-07 18:30:30'),
(159, 3, 3, 55, NULL, '000', 'branded', '2025-01-07 18:30:30'),
(160, 4, 3, 132, NULL, '000', 'branded', '2025-01-07 18:30:30'),
(161, 5, 3, 5, '2028-10-28', '000', 'branded', '2025-01-07 18:30:30'),
(164, 1, 5, 200, NULL, '000', 'branded', '2025-01-07 18:30:30'),
(165, 2, 5, 50, NULL, '000', 'branded', '2025-01-07 18:30:30'),
(167, 1, 6, 90, NULL, '000', 'branded', '2025-01-07 18:30:31'),
(168, 1, 133, 523, NULL, '000', 'ahh', '2025-01-08 18:30:54'),
(169, 2, 133, 234, NULL, '000', 'ahh', '2025-01-08 18:30:54'),
(170, 3, 133, 123, NULL, '000', 'ahh', '2025-01-08 18:30:54'),
(171, 4, 133, 555, NULL, '000', 'ahh', '2025-01-08 18:30:54'),
(172, 5, 133, 434, NULL, '000', 'ahh', '2025-01-08 18:30:54');

-- --------------------------------------------------------

--
-- Stand-in structure for view `branch_inventory_summary`
-- (See below for the actual view)
--
CREATE TABLE `branch_inventory_summary` (
`inventory_id` int(11)
,`branch_id` int(11)
,`branch_name` varchar(100)
,`product_id` int(11)
,`product_name` varchar(255)
,`brand_name` varchar(255)
,`stock` int(11)
,`expiryDate` date
,`createdAt` timestamp
,`updatedAt` timestamp
);

-- --------------------------------------------------------

--
-- Table structure for table `cash_reconciliation`
--

CREATE TABLE `cash_reconciliation` (
  `reconciliation_id` int(11) NOT NULL,
  `pharmacist_session_id` int(11) NOT NULL,
  `total_transactions` int(11) NOT NULL,
  `total_amount` decimal(10,2) NOT NULL,
  `cash_counted` decimal(10,2) NOT NULL,
  `balance` decimal(10,2) NOT NULL,
  `denomination_1000` int(11) DEFAULT 0,
  `denomination_500` int(11) DEFAULT 0,
  `denomination_200` int(11) DEFAULT 0,
  `denomination_100` int(11) DEFAULT 0,
  `denomination_50` int(11) DEFAULT 0,
  `denomination_20` int(11) DEFAULT 0,
  `denomination_10` int(11) DEFAULT 0,
  `denomination_5` int(11) DEFAULT 0,
  `denomination_1` int(11) DEFAULT 0,
  `denomination_cents` int(11) DEFAULT 0,
  `status` enum('balanced','shortage','overage') NOT NULL,
  `notes` text DEFAULT NULL,
  `created_at` timestamp NULL DEFAULT NULL
) ENGINE=InnoDB DEFAULT CHARSET=utf8mb4 COLLATE=utf8mb4_unicode_ci;

-- --------------------------------------------------------

--
-- Table structure for table `category`
--

CREATE TABLE `category` (
  `category_id` int(11) NOT NULL,
  `name` varchar(255) NOT NULL,
  `prefix` varchar(3) NOT NULL COMMENT 'BARCODE PREFIX CAN ONLY HOLD 3 CHARS'
) ENGINE=InnoDB DEFAULT CHARSET=utf8mb4 COLLATE=utf8mb4_unicode_ci;

--
-- Dumping data for table `category`
--

INSERT INTO `category` (`category_id`, `name`, `prefix`) VALUES
(1, 'BRANDED', 'BRA'),
(2, 'GENERIC', 'GEN'),
(3, 'COSMETICS', 'COS'),
(4, 'DIAPER', 'DIA'),
(5, 'FACE AND BODY', 'FAB'),
(6, 'GALENICALS', 'GAL'),
(7, 'MILK', 'MIL'),
(8, 'PILLS AND CONTRACEPTIVES', 'PAC'),
(9, 'SYRUP', 'SYR'),
(10, 'OTHERS', 'OTH'),
(11, 'adad', 'ADD'),
(12, 'NO CATEGORY', 'NAN'),
(13, 'TEST ARCHIVED', 'TES'),
(14, 'TEST CATEGORY', 'TS1'),
(16, 'BARCODE CATEGORY', 'BAR');

-- --------------------------------------------------------

--
-- Table structure for table `category_archive`
--

CREATE TABLE `category_archive` (
  `category_id` int(11) NOT NULL,
  `name` varchar(255) NOT NULL,
  `prefix` varchar(10) NOT NULL,
  `archived_by` int(11) NOT NULL,
  `archived_at` timestamp NOT NULL DEFAULT current_timestamp()
) ENGINE=InnoDB DEFAULT CHARSET=utf8mb4 COLLATE=utf8mb4_unicode_ci;

--
-- Dumping data for table `category_archive`
--

INSERT INTO `category_archive` (`category_id`, `name`, `prefix`, `archived_by`, `archived_at`) VALUES
(15, 'sdklhgshi', 'EEE', 4, '2025-01-08 18:47:55');

-- --------------------------------------------------------

--
-- Table structure for table `category_barcode_counter`
--

CREATE TABLE `category_barcode_counter` (
  `category_id` int(11) NOT NULL,
  `last_number` int(11) NOT NULL DEFAULT 0
) ENGINE=InnoDB DEFAULT CHARSET=utf8mb4 COLLATE=utf8mb4_unicode_ci;

--
-- Dumping data for table `category_barcode_counter`
--

INSERT INTO `category_barcode_counter` (`category_id`, `last_number`) VALUES
(1, 0),
(2, 11),
(3, 0),
(4, 0),
(5, 0),
(6, 0),
(7, 0),
(8, 0),
(9, 0),
(10, 0),
(11, 2),
(12, 0),
(13, 0),
(14, 0),
(16, 1);

-- --------------------------------------------------------

--
-- Table structure for table `customers`
--

CREATE TABLE `customers` (
  `customer_id` int(11) NOT NULL,
  `name` varchar(100) NOT NULL,
  `phone` varchar(20) DEFAULT NULL,
  `email` varchar(100) DEFAULT NULL,
  `address` text DEFAULT NULL,
  `discount_type` enum('None','Senior','PWD','Employee') DEFAULT 'None',
  `discount_id_number` varchar(50) DEFAULT NULL,
  `created_at` timestamp NULL DEFAULT NULL,
  `updated_at` timestamp NULL DEFAULT NULL
) ENGINE=InnoDB DEFAULT CHARSET=utf8mb4 COLLATE=utf8mb4_general_ci;

--
-- Dumping data for table `customers`
--

INSERT INTO `customers` (`customer_id`, `name`, `phone`, `email`, `address`, `discount_type`, `discount_id_number`, `created_at`, `updated_at`) VALUES
(1, 'Juan Dela Cruz', '09123456789', 'juan@email.com', 'Manila City', 'Senior', '123456', '2024-12-02 22:09:35', '2024-12-11 06:50:51'),
(2, 'Maria Santos', '', '', 'Quezon City', 'PWD', '789012', '2024-12-05 23:03:07', '2024-12-11 06:51:11');

-- --------------------------------------------------------

--
-- Table structure for table `held_transactions`
--

CREATE TABLE `held_transactions` (
  `id` int(11) NOT NULL,
  `sales_session_id` int(11) NOT NULL,
  `branch_id` int(11) NOT NULL,
  `hold_number` int(11) NOT NULL,
  `customer_id` int(11) DEFAULT NULL,
  `total_amount` decimal(10,2) NOT NULL DEFAULT 0.00,
  `note` text DEFAULT NULL,
  `created_at` timestamp NOT NULL DEFAULT current_timestamp(),
  `updated_at` timestamp NOT NULL DEFAULT current_timestamp() ON UPDATE current_timestamp()
) ENGINE=InnoDB DEFAULT CHARSET=utf8mb4 COLLATE=utf8mb4_general_ci;

--
-- Dumping data for table `held_transactions`
--

INSERT INTO `held_transactions` (`id`, `sales_session_id`, `branch_id`, `hold_number`, `customer_id`, `total_amount`, `note`, `created_at`, `updated_at`) VALUES
(2, 42, 1, 2147483647, NULL, 50.00, NULL, '2024-12-19 04:22:55', '2024-12-19 04:22:55'),
(3, 42, 1, 2147483647, NULL, 50.00, NULL, '2024-12-19 04:25:38', '2024-12-19 04:25:38'),
(4, 43, 1, 2147483647, NULL, 50.00, NULL, '2024-12-19 05:08:57', '2024-12-19 05:08:57'),
(5, 47, 1, 2147483647, NULL, 50.00, NULL, '2024-12-19 07:43:21', '2024-12-19 07:43:21');

-- --------------------------------------------------------

--
-- Table structure for table `held_transaction_items`
--

CREATE TABLE `held_transaction_items` (
  `id` int(11) NOT NULL,
  `held_transaction_id` int(11) NOT NULL,
  `product_id` int(11) NOT NULL,
  `quantity` int(11) NOT NULL,
  `unit_price` decimal(10,2) NOT NULL,
  `subtotal` decimal(10,2) NOT NULL,
  `created_at` timestamp NOT NULL DEFAULT current_timestamp()
) ENGINE=InnoDB DEFAULT CHARSET=utf8mb4 COLLATE=utf8mb4_general_ci;

--
-- Dumping data for table `held_transaction_items`
--

INSERT INTO `held_transaction_items` (`id`, `held_transaction_id`, `product_id`, `quantity`, `unit_price`, `subtotal`, `created_at`) VALUES
(1, 2, 77, 1, 50.00, 50.00, '2024-12-19 04:22:55'),
(2, 3, 7, 1, 50.00, 50.00, '2024-12-19 04:25:38'),
(3, 4, 7, 1, 50.00, 50.00, '2024-12-19 05:08:57'),
(4, 5, 7, 1, 50.00, 50.00, '2024-12-19 07:43:21');

-- --------------------------------------------------------

--
-- Table structure for table `invoice_sequence`
--

CREATE TABLE `invoice_sequence` (
  `id` int(11) NOT NULL,
  `branch_id` int(11) NOT NULL,
  `current_number` int(11) NOT NULL DEFAULT 1,
  `year` int(4) NOT NULL,
  `month` int(2) NOT NULL,
  `created_at` timestamp NULL DEFAULT NULL,
  `updated_at` timestamp NULL DEFAULT NULL
) ENGINE=InnoDB DEFAULT CHARSET=utf8mb4 COLLATE=utf8mb4_general_ci;

-- --------------------------------------------------------

--
-- Table structure for table `pharmacist`
--

CREATE TABLE `pharmacist` (
  `staff_id` int(11) NOT NULL,
  `name` varchar(100) NOT NULL,
  `email` varchar(100) NOT NULL,
  `phone` varchar(100) NOT NULL,
  `pin_code` char(11) NOT NULL,
  `branch_id` int(11) DEFAULT NULL,
  `is_active` tinyint(1) DEFAULT 1,
  `created_at` timestamp NULL DEFAULT NULL,
  `updated_at` timestamp NULL DEFAULT NULL
) ENGINE=InnoDB DEFAULT CHARSET=utf8mb4 COLLATE=utf8mb4_general_ci;

--
-- Dumping data for table `pharmacist`
--

INSERT INTO `pharmacist` (`staff_id`, `name`, `email`, `phone`, `pin_code`, `branch_id`, `is_active`, `created_at`, `updated_at`) VALUES
(1, 'Kevin Llanes', '', '', '1085915011', 1, 1, '2024-12-10 07:03:20', '2024-12-15 17:48:42'),
(2, 'Karl Matthew Miranda', '', '', '5678', 1, 1, '2024-12-10 07:03:20', '2024-12-15 17:49:23'),
(3, 'Joshua Lonoza', '', '', '9012', 2, 1, '2024-12-10 07:03:20', '2024-12-18 23:08:19'),
(4, 'James Ivan Camique', '', '', '3456', 3, 1, '2024-12-10 07:03:20', '2024-12-18 23:08:25'),
(5, 'Janeth Escala', '', '', '1001', 2, 0, '2024-12-15 11:03:04', '2024-12-15 16:21:16');

-- --------------------------------------------------------

--
-- Table structure for table `pharmacist_sessions`
--

CREATE TABLE `pharmacist_sessions` (
  `pharmacist_session_id` int(11) NOT NULL,
  `session_id` int(11) NOT NULL,
  `staff_id` int(11) NOT NULL,
  `share_percentage` decimal(5,2) DEFAULT 100.00,
  `created_at` timestamp NULL DEFAULT NULL
) ENGINE=InnoDB DEFAULT CHARSET=utf8mb4 COLLATE=utf8mb4_general_ci;

--
-- Dumping data for table `pharmacist_sessions`
--

INSERT INTO `pharmacist_sessions` (`pharmacist_session_id`, `session_id`, `staff_id`, `share_percentage`, `created_at`) VALUES
(3, 1, 1, 100.00, '2024-12-18 22:30:15'),
(4, 2, 1, 100.00, '2024-12-18 22:30:45'),
(5, 3, 2, 100.00, '2024-12-18 22:34:40'),
(6, 4, 1, 100.00, '2024-12-18 22:35:11'),
(7, 5, 1, 100.00, '2024-12-18 22:38:56'),
(8, 6, 1, 100.00, '2024-12-18 22:39:27'),
(9, 7, 1, 100.00, '2024-12-18 22:42:15'),
(10, 8, 1, 100.00, '2024-12-18 22:42:55'),
(11, 9, 1, 100.00, '2024-12-18 22:45:08'),
(12, 10, 1, 100.00, '2024-12-18 22:46:02'),
(13, 11, 1, 100.00, '2024-12-18 22:50:35'),
(14, 12, 1, 100.00, '2024-12-18 22:55:51'),
(15, 13, 1, 100.00, '2024-12-18 23:00:01'),
(16, 14, 4, 100.00, '2024-12-18 23:08:34'),
(17, 15, 1, 100.00, '2024-12-18 23:23:56'),
(18, 16, 1, 100.00, '2024-12-19 00:10:10'),
(19, 17, 2, 100.00, '2024-12-19 00:18:31'),
(20, 18, 1, 100.00, '2024-12-19 00:22:19'),
(21, 19, 3, 100.00, '2024-12-19 00:27:33'),
(22, 20, 1, 100.00, '2024-12-19 00:47:46'),
(23, 21, 1, 100.00, NULL),
(24, 22, 1, 100.00, '2024-12-19 09:05:45'),
(25, 23, 1, 100.00, '2024-12-19 09:14:13'),
(26, 24, 1, 100.00, '2024-12-19 09:40:51'),
(27, 25, 1, 100.00, '2024-12-19 10:04:42'),
(28, 26, 1, 100.00, '2024-12-19 10:09:03'),
(29, 27, 1, 100.00, '2024-12-19 10:12:52'),
(30, 28, 1, 100.00, '2024-12-19 10:17:15'),
(31, 29, 4, 100.00, '2024-12-19 10:20:33'),
(32, 30, 4, 100.00, '2024-12-19 10:23:29'),
(33, 31, 1, 100.00, '2024-12-19 10:28:13'),
(34, 32, 1, 100.00, '2024-12-19 10:40:40'),
(35, 33, 1, 100.00, '2024-12-19 11:23:45'),
(36, 34, 1, 100.00, '2024-12-19 11:33:52'),
(37, 35, 1, 100.00, '2024-12-19 12:01:17'),
(38, 36, 1, 100.00, '2024-12-19 12:03:29'),
(39, 37, 1, 100.00, '2024-12-19 12:06:46'),
(40, 38, 1, 100.00, '2024-12-19 12:08:42'),
(41, 39, 1, 100.00, '2024-12-19 12:11:13'),
(42, 40, 1, 100.00, '2024-12-19 12:14:40'),
(43, 41, 1, 100.00, '2024-12-19 12:20:13'),
(44, 42, 1, 100.00, '2024-12-19 12:22:40'),
(45, 43, 1, 100.00, '2024-12-19 13:08:47'),
(46, 44, 1, 100.00, '2024-12-19 14:33:18'),
(47, 45, 1, 100.00, '2024-12-19 15:04:14'),
(48, 46, 1, 100.00, '2024-12-19 15:29:34'),
(49, 47, 1, 100.00, '2024-12-19 15:43:06'),
(50, 48, 1, 100.00, '2024-12-19 15:44:02'),
(51, 49, 1, 100.00, '2024-12-19 15:44:35'),
(52, 50, 1, 100.00, '2024-12-19 16:16:15'),
(53, 51, 1, 100.00, '2024-12-19 16:18:00'),
(54, 52, 1, 100.00, '2024-12-19 16:20:46'),
(55, 53, 1, 100.00, '2024-12-19 17:04:10'),
(56, 54, 1, 100.00, '2024-12-19 17:55:15'),
(57, 55, 1, 100.00, '2024-12-19 17:58:20'),
(58, 56, 1, 100.00, '2024-12-19 17:59:10'),
(59, 57, 2, 100.00, '2024-12-19 18:30:53'),
(60, 58, 1, 100.00, '2025-01-01 15:57:43'),
(61, 59, 1, 100.00, '2025-01-01 18:58:36'),
(62, 60, 1, 100.00, '2025-01-01 18:59:23'),
(63, 61, 1, 100.00, '2025-01-01 18:59:36'),
(64, 62, 1, 100.00, '2025-01-01 18:59:53'),
(65, 63, 1, 100.00, '2025-01-08 15:46:46'),
(66, 64, 1, 100.00, '2025-01-08 15:47:07');

-- --------------------------------------------------------

--
-- Table structure for table `prescriptions`
--

CREATE TABLE `prescriptions` (
  `prescription_id` int(11) NOT NULL,
  `customer_id` int(11) NOT NULL,
  `doctor_name` varchar(100) NOT NULL,
  `doctor_license_number` varchar(50) DEFAULT NULL,
  `prescription_date` date NOT NULL,
  `expiry_date` date DEFAULT NULL,
  `notes` text DEFAULT NULL,
  `image_data` mediumblob DEFAULT NULL,
  `image_type` enum('JPEG','PNG','PDF') DEFAULT 'JPEG',
  `image_upload_date` timestamp NULL DEFAULT NULL,
  `status` enum('ACTIVE','USED','EXPIRED') DEFAULT 'ACTIVE',
  `created_at` timestamp NULL DEFAULT NULL,
  `updated_at` timestamp NULL DEFAULT NULL
) ENGINE=InnoDB DEFAULT CHARSET=utf8mb4 COLLATE=utf8mb4_general_ci;

--
-- Dumping data for table `prescriptions`
--

INSERT INTO `prescriptions` (`prescription_id`, `customer_id`, `doctor_name`, `doctor_license_number`, `prescription_date`, `expiry_date`, `notes`, `image_data`, `image_type`, `image_upload_date`, `status`, `created_at`, `updated_at`) VALUES
(1, 1, 'Dr. Jose Rizal', 'MD-12345', '2024-01-15', '2024-02-15', 'Take with meals', 0x2f707265736372697074696f6e732f323032342f30312f72785f3030312e6a7067, 'JPEG', '2024-01-15 02:30:00', 'ACTIVE', '2024-12-10 07:03:21', '2024-12-10 07:03:21'),
(2, 2, 'Dr. Maria Makiling', 'MD-67890', '2024-01-10', '2024-02-10', 'Take twice daily', 0x2f707265736372697074696f6e732f323032342f30312f72785f3030322e706466, 'PDF', '2024-01-10 06:45:00', 'ACTIVE', '2024-12-10 07:03:21', '2024-12-10 07:03:21');

-- --------------------------------------------------------

--
-- Table structure for table `prescription_items`
--

CREATE TABLE `prescription_items` (
  `item_id` int(11) NOT NULL,
  `prescription_id` int(11) NOT NULL,
  `product_id` int(11) NOT NULL,
  `prescribed_quantity` int(11) NOT NULL,
  `dispensed_quantity` int(11) DEFAULT 0,
  `dosage_instructions` text DEFAULT NULL,
  `created_at` timestamp NULL DEFAULT NULL,
  `updated_at` timestamp NULL DEFAULT NULL
) ENGINE=InnoDB DEFAULT CHARSET=utf8mb4 COLLATE=utf8mb4_general_ci;

-- --------------------------------------------------------

--
-- Table structure for table `products`
--

CREATE TABLE `products` (
  `id` int(11) NOT NULL,
  `barcode` varchar(100) DEFAULT NULL,
  `name` varchar(255) NOT NULL,
  `brand_name` varchar(255) NOT NULL,
  `category` int(11) NOT NULL DEFAULT 1,
  `description` text DEFAULT NULL,
  `sideEffects` text DEFAULT NULL,
  `dosage_amount` decimal(10,2) DEFAULT NULL,
  `dosage_unit` enum('mg','mcg','g','kg','ml','l','tablet','capsule','pill','patch','spray','drop','mg/ml','mcg/ml','mg/l','mcg/l','mg/g','mcg/g','IU','mEq','mmol','unit','puff','application','sachet','suppository','ampoule','vial','syringe','piece') DEFAULT NULL,
  `price` decimal(10,2) NOT NULL,
  `pieces_per_box` int(11) NOT NULL,
  `critical` int(11) NOT NULL,
  `requiresPrescription` tinyint(1) NOT NULL,
  `expiryDate` datetime DEFAULT NULL,
  `createdAt` timestamp NULL DEFAULT NULL,
  `updatedAt` timestamp NULL DEFAULT NULL,
  `is_active` tinyint(1) NOT NULL DEFAULT 1
) ENGINE=InnoDB DEFAULT CHARSET=utf8mb4 COLLATE=utf8mb4_general_ci;

--
-- Dumping data for table `products`
--

INSERT INTO `products` (`id`, `barcode`, `name`, `brand_name`, `category`, `description`, `sideEffects`, `dosage_amount`, `dosage_unit`, `price`, `pieces_per_box`, `critical`, `requiresPrescription`, `expiryDate`, `createdAt`, `updatedAt`, `is_active`) VALUES
(3, '4806520352881', 'NAPROXEN', 'PROXEN', 1, 'Class: Nonsteroidal anti-inflammatory drug (NSAID)   \nUses\n- Relieves pain and inflammation\n- Treats conditions like arthritis (osteoarthritis, rheumatoid arthritis, juvenile arthritis), ankylosing spondylitis, tendinitis, bursitis, and gout   \n- Can also reduce fever', 'Common:\n- Stomach upset (heartburn, nausea, indigestion)\n- Constipation\n- Gas\n- Headache\n- Dizziness\n- Drowsiness\n- Skin rash or itching\n- Ringing in the ears  \n\nSerious:\n- Stomach ulcers and bleeding: Can occur without warning signs.   \n- Heart problems: Increased risk of heart attack and stroke, especially with long-term use or high doses.\n- Kidney problems: Can worsen existing kidney problems.   \n- Liver problems: May cause liver damage.   \n- Serious skin reactions: Stevens-Johnson syndrome and toxic epidermal necrolysis (rare but potentially life-threatening).', 550.00, 'mg', 55.00, 6, 0, 1, '2025-08-28 00:00:00', '2024-12-16 05:08:52', '2025-01-07 10:30:30', 0),
(4, '4806525174716', 'PREGABALIN', 'PROBAL 75', 1, 'How to use', 'what effects', 5.00, 'g', 50.00, 0, 10, 1, '2027-02-01 00:00:00', '2024-12-16 05:08:52', '2025-01-07 10:30:30', 0),
(5, '4806524149630', 'KETOANALOGUE', 'KETOREX', 1, 'asddfdfgg', 'asdasdfdsf', 5.00, 'kg', 50.00, 6, 10, 1, '2026-04-01 00:00:00', '2024-12-16 05:08:52', '2025-01-07 10:30:30', 0),
(6, '4806527191285', 'SAMBONG', 'AWANAY', 1, NULL, NULL, NULL, NULL, 50.00, 0, 10, 0, '2026-04-01 00:00:00', '2024-12-16 05:08:52', '2025-01-07 10:30:32', 0),
(7, 'GEN-00001', 'PARACETAMOL + TRAMADOL', 'DOLSAPH', 1, NULL, NULL, NULL, NULL, 50.00, 0, 10, 1, NULL, '2024-12-16 05:08:52', '2024-12-16 05:08:52', 1),
(8, '4806519380086', 'MEFENAMIC ACID', 'ANALMIN', 1, NULL, NULL, 250.00, 'mg', 50.00, 0, 10, 0, '2026-02-01 00:00:00', '2024-12-16 05:08:52', '2024-12-16 05:08:52', 1),
(9, '8904181519387', 'B. CLAUSII', 'NOVAFLORA', 1, NULL, NULL, NULL, NULL, 50.00, 0, 10, 0, '2027-02-01 00:00:00', '2024-12-16 05:08:52', '2024-12-16 05:08:52', 1),
(10, '4806529490058', 'PREDNISONE', 'CORT', 1, NULL, NULL, 20.00, 'mg', 50.00, 0, 10, 1, '2026-10-01 00:00:00', '2024-12-16 05:08:52', '2024-12-16 05:08:52', 1),
(11, '4806520350917', 'SALBUTAMOL', 'VENTOMAX', 1, NULL, NULL, 4.00, 'mg', 50.00, 0, 10, 1, '2027-03-01 00:00:00', '2024-12-16 05:08:52', '2024-12-16 05:08:52', 1),
(12, 'GEN-00002', 'TELMISARTAN + HCL', 'TELSITAN-H', 1, NULL, NULL, NULL, NULL, 50.00, 0, 10, 1, '2025-12-01 00:00:00', '2024-12-16 05:08:52', '2024-12-16 05:08:52', 1),
(13, '4806505290955', 'CITICOLINE', 'ZYNERVA', 1, NULL, NULL, 1.00, 'g', 50.00, 0, 10, 1, '2026-02-01 00:00:00', '2024-12-16 05:08:52', '2024-12-16 05:08:52', 1),
(14, '4806527650584', 'DICLOFENA', 'FENCID', 1, NULL, NULL, 50.00, 'mg', 50.00, 0, 10, 1, '2025-06-01 00:00:00', '2024-12-16 05:08:52', '2024-12-16 05:08:52', 1),
(15, '4806524149791', 'CLOPIDOGREL', 'COPIDE', 1, NULL, NULL, NULL, NULL, 50.00, 0, 10, 1, '2025-11-01 00:00:00', '2024-12-16 05:08:52', '2024-12-16 05:08:52', 1),
(16, '4800338471796', 'LOPERAMIDE', 'SCHEELE', 1, NULL, NULL, NULL, NULL, 50.00, 0, 10, 0, '2028-08-01 00:00:00', '2024-12-16 05:08:52', '2024-12-16 05:08:52', 1),
(17, '4806505140717', 'CARVEDILOL', 'KARVIDOL', 1, NULL, NULL, 6.25, 'mg', 50.00, 0, 10, 1, '2026-12-01 00:00:00', '2024-12-16 05:08:52', '2024-12-16 05:08:52', 1),
(18, '4806524143201', 'MORINGA CAPS', '', 1, NULL, NULL, NULL, NULL, 50.00, 0, 10, 0, '2025-09-01 00:00:00', '2024-12-16 05:08:52', '2024-12-16 05:08:52', 1),
(19, '4806503124566', 'SAMBONG', 'MIA FORTE', 1, NULL, NULL, NULL, NULL, 50.00, 0, 10, 0, '2027-06-01 00:00:00', '2024-12-16 05:08:52', '2024-12-16 05:08:52', 1),
(20, '4806037100760', 'SIMVASTATIN', 'SIMVASYN', 1, NULL, NULL, 20.00, 'mg', 50.00, 0, 10, 1, '2025-11-01 00:00:00', '2024-12-16 05:08:52', '2024-12-16 05:08:52', 1),
(21, '8904159620923', 'FEBUXOSTAT', 'FEBUDAY 40', 1, NULL, NULL, 40.00, 'mg', 50.00, 0, 10, 1, '2027-01-01 00:00:00', '2024-12-16 05:08:52', '2024-12-16 05:08:52', 1),
(22, '430037100012', 'IRBESARTAN', 'IRBEQ', 1, NULL, NULL, 300.00, 'mg', 50.00, 0, 10, 1, '2025-10-01 00:00:00', '2024-12-16 05:08:52', '2024-12-16 05:08:52', 1),
(23, '4806520351105', 'FUROSEMIDE', 'FUSEDEX', 1, NULL, NULL, 40.00, 'mg', 50.00, 0, 10, 1, '2025-04-01 00:00:00', '2024-12-16 05:08:52', '2024-12-16 05:08:52', 1),
(24, 'GEN-00003', 'PIROXICAM', 'PIROXISAPH-20', 1, NULL, NULL, 20.00, 'mg', 50.00, 0, 10, 1, '2025-05-01 00:00:00', '2024-12-16 05:08:52', '2024-12-16 05:08:52', 1),
(25, '4806522630659', 'IRBESARTAN', 'CENTRAMED', 2, NULL, NULL, 150.00, 'mg', 50.00, 0, 10, 1, '2024-08-01 00:00:00', '2024-12-16 05:08:52', '2024-12-17 07:51:56', 1),
(26, '4806511300327', 'GLICLAZIDE', 'ZEBET', 1, NULL, NULL, 80.00, 'mg', 50.00, 0, 10, 1, '2027-02-01 00:00:00', '2024-12-16 05:08:52', '2024-12-16 05:08:52', 1),
(27, '4806505141387', 'METFORMIN', 'FORMET', 1, NULL, NULL, 500.00, 'mg', 50.00, 0, 10, 1, '2026-03-01 00:00:00', '2024-12-16 05:08:52', '2024-12-16 05:08:52', 1),
(28, '4806520351099', 'FUROSEMIDE', 'DM', 1, NULL, NULL, 20.00, 'mg', 50.00, 0, 10, 1, '2026-01-01 00:00:00', '2024-12-16 05:08:52', '2024-12-16 05:08:52', 1),
(29, '4806524146776', 'LOSARTAN', 'LOSAAR', 1, NULL, NULL, 100.00, 'mg', 50.00, 0, 10, 1, '2027-04-01 00:00:00', '2024-12-16 05:08:52', '2024-12-16 05:08:52', 1),
(30, '8906043320568', 'ASPIRIN', 'SAPHRIN', 1, NULL, NULL, 80.00, 'mg', 50.00, 0, 10, 0, '2026-05-01 00:00:00', '2024-12-16 05:08:52', '2024-12-16 05:08:52', 1),
(31, '8906043322982', 'ROSUVASTATIN', 'ROSUSAPH-40', 1, NULL, NULL, 40.00, 'mg', 50.00, 0, 10, 1, '2025-06-01 00:00:00', '2024-12-16 05:08:52', '2024-12-16 05:08:52', 1),
(32, '8906043324535', 'ROSUVASTATIN', 'ROSUSAPH-10', 1, NULL, NULL, 10.00, 'mg', 50.00, 0, 10, 1, '2025-12-01 00:00:00', '2024-12-16 05:08:52', '2024-12-16 05:08:52', 1),
(33, '4806523302517', 'SALBUTAMOL + GUAIFENASIN', 'VENTREX-G', 1, NULL, NULL, NULL, NULL, 50.00, 0, 10, 1, '2026-07-01 00:00:00', '2024-12-16 05:08:52', '2024-12-16 05:08:52', 1),
(34, '4806505140564', 'OFLOXACIN', 'FLOXA-200', 1, NULL, NULL, 200.00, 'mg', 50.00, 0, 10, 1, '2025-06-01 00:00:00', '2024-12-16 05:08:52', '2024-12-16 05:08:52', 1),
(35, '4806527193784', 'LAGUNDI', 'OFPLEMED FORTE', 1, NULL, NULL, 600.00, 'mg', 50.00, 0, 10, 0, '2026-03-01 00:00:00', '2024-12-16 05:08:52', '2024-12-16 05:08:52', 1),
(36, '4806523430746', 'PHOSPHOLIPID', 'SN-PHOS', 1, NULL, NULL, NULL, NULL, 50.00, 0, 10, 0, '2025-04-01 00:00:00', '2024-12-16 05:08:52', '2024-12-16 05:08:52', 1),
(37, '4806505141004', 'ATORVASTATIN', 'RANVAST', 1, NULL, NULL, 20.00, 'mg', 50.00, 0, 10, 1, '2027-02-01 00:00:00', '2024-12-16 05:08:52', '2024-12-16 05:08:52', 1),
(38, 'GEN-00004', 'ROSUVASTATIN', 'ROSUSAPH-20', 1, NULL, NULL, 20.00, 'mg', 50.00, 0, 10, 1, '2025-03-01 00:00:00', '2024-12-16 05:08:52', '2024-12-16 05:08:52', 1),
(39, '8906005114907', 'ACETYLCYSTEIN', 'FLUCYSTEIN', 1, NULL, NULL, 600.00, 'mg', 50.00, 0, 10, 1, '2026-03-01 00:00:00', '2024-12-16 05:08:52', '2024-12-16 05:08:52', 1),
(40, '4806524149333', 'ORS', 'AMBILYE', 1, NULL, NULL, NULL, NULL, 50.00, 0, 10, 0, '2025-05-01 00:00:00', '2024-12-16 05:08:52', '2024-12-16 05:08:52', 1),
(41, '4806505491840', 'SAMBONG', 'URISAM', 1, NULL, NULL, 500.00, 'mg', 50.00, 0, 10, 0, '2025-07-01 00:00:00', '2024-12-16 05:08:52', '2024-12-16 05:08:52', 1),
(42, '8906005115966', 'ACETYLCYSTEIN', 'FLUCYSTEIN', 1, NULL, NULL, 600.00, 'mg', 50.00, 0, 10, 1, '2026-03-01 00:00:00', '2024-12-16 05:08:52', '2024-12-16 05:08:52', 1),
(43, '4806523301695', 'ASCORBIC ACID', 'MYREVIT C', 1, NULL, NULL, 500.00, 'mg', 50.00, 0, 10, 0, '2026-04-01 00:00:00', '2024-12-16 05:08:52', '2024-12-16 05:08:52', 1),
(44, '4806035219150', 'CALCIUM CARBONATE', 'CALBORNATE', 1, NULL, NULL, 500.00, 'mg', 50.00, 0, 10, 0, '2026-08-01 00:00:00', '2024-12-16 05:08:52', '2024-12-16 05:08:52', 1),
(45, '4806524140873', 'ASCORBIC ACID', 'ASCOPHIL', 1, NULL, NULL, 500.00, 'mg', 50.00, 0, 10, 0, '2026-05-01 00:00:00', '2024-12-16 05:08:52', '2024-12-16 05:08:52', 1),
(46, '4806505140168', 'OMEPRAZOLE', 'ZOSEC', 1, NULL, NULL, 20.00, 'mg', 50.00, 0, 10, 1, '2026-05-01 00:00:00', '2024-12-16 05:08:52', '2024-12-16 05:08:52', 1),
(47, '4806037100289', 'ROSUVASTATIN', 'ROZATIN-10', 1, NULL, NULL, 10.00, 'mg', 50.00, 0, 10, 1, '2027-03-01 00:00:00', '2024-12-16 05:08:52', '2024-12-16 05:08:52', 1),
(48, '4806524149074', 'ATORVASTATIN', 'FREDTOR', 1, NULL, NULL, 10.00, 'mg', 50.00, 0, 10, 1, '2026-07-01 00:00:00', '2024-12-16 05:08:52', '2024-12-16 05:08:52', 1),
(49, '4809015348017', 'B-COMPLEX', 'REVITAPLEX', 1, NULL, NULL, NULL, NULL, 50.00, 0, 10, 0, '2026-03-01 00:00:00', '2024-12-16 05:08:52', '2024-12-16 05:08:52', 1),
(50, 'GEN-00005', 'METOPROLOL', 'PROMETIN-100', 1, NULL, NULL, 100.00, 'mg', 50.00, 0, 10, 1, '2025-02-01 00:00:00', '2024-12-16 05:08:52', '2024-12-16 05:08:52', 1),
(51, '4806504261185', 'DEXAMETHASONE', 'DEXAT', 1, NULL, NULL, 500.00, 'mg', 50.00, 0, 10, 1, '2024-07-01 00:00:00', '2024-12-16 05:08:52', '2024-12-16 05:08:52', 1),
(52, '18904083842979', 'ETORICOXIB', 'XIBORA-90', 1, NULL, NULL, 90.00, 'mg', 50.00, 0, 10, 1, '2026-02-01 00:00:00', '2024-12-16 05:08:52', '2024-12-16 05:08:52', 1),
(53, '4806505141578', 'PROPRANOLOL', 'ORANOL', 1, NULL, NULL, 40.00, 'mg', 50.00, 0, 10, 1, '2025-04-01 00:00:00', '2024-12-16 05:08:52', '2024-12-16 05:08:52', 1),
(54, '4806504084104', 'FERROUS + FOLIC', 'AMECIRON', 1, NULL, NULL, NULL, NULL, 50.00, 0, 10, 0, '2025-02-01 00:00:00', '2024-12-16 05:08:52', '2024-12-16 05:08:52', 1),
(55, '4806523303637', 'METOPROLOL', 'MYPROL', 1, NULL, NULL, 50.00, 'mg', 50.00, 0, 10, 1, '2025-01-01 00:00:00', '2024-12-16 05:08:52', '2024-12-16 05:08:52', 1),
(56, 'GEN-00006', 'AMBROXOL', 'SAOHROXOL C75', 1, NULL, NULL, 75.00, 'mg', 50.00, 0, 10, 0, '2025-07-01 00:00:00', '2024-12-16 05:08:52', '2024-12-16 05:08:52', 1),
(57, '8906083440608', 'METHYLPREDNISOLONE', 'METHYDEN', 1, NULL, NULL, 16.00, 'mg', 50.00, 0, 10, 1, '2026-06-01 00:00:00', '2024-12-16 05:08:52', '2024-12-16 05:08:52', 1),
(58, '4806534570660', 'FOLIC ACID', 'FOLINOVA', 1, NULL, NULL, 5.00, 'mg', 50.00, 0, 10, 0, '2025-06-01 00:00:00', '2024-12-16 05:08:52', '2024-12-16 05:08:52', 1),
(59, '4806505140724', 'CARVEDILOL', 'KARVIDOL', 1, NULL, NULL, 25.00, 'mg', 50.00, 0, 10, 1, '2026-09-01 00:00:00', '2024-12-16 05:08:52', '2024-12-16 05:08:52', 1),
(60, '8906043320667', 'GLIMEPRIDE', 'GLIMESAPH T2', 1, NULL, NULL, 2.00, 'mg', 50.00, 0, 10, 1, '2026-06-01 00:00:00', '2024-12-16 05:08:52', '2024-12-16 05:08:52', 1),
(61, '4806524149357', 'CALCIUM CARBONATE', 'AMBICAL', 1, NULL, NULL, 500.00, 'mg', 50.00, 0, 10, 0, '2026-05-01 00:00:00', '2024-12-16 05:08:52', '2024-12-16 05:08:52', 1),
(62, '4806505141240', 'FENOFIBRATE', 'FENOCARE', 1, NULL, NULL, 200.00, 'mg', 50.00, 0, 10, 1, '2025-06-01 00:00:00', '2024-12-16 05:08:52', '2024-12-16 05:08:52', 1),
(63, '4806524142327', 'OMEPRAZOLE', 'OMEPHIL-20', 1, NULL, NULL, 20.00, 'mg', 50.00, 0, 10, 1, '2025-08-01 00:00:00', '2024-12-16 05:08:52', '2024-12-16 05:08:52', 1),
(64, '4806524140699', 'OMEPRAZOLE', 'RANZOLE', 1, NULL, NULL, 40.00, 'mg', 50.00, 0, 10, 1, '2027-04-01 00:00:00', '2024-12-16 05:08:52', '2024-12-16 05:08:52', 1),
(65, '8944161210774', 'OMEPRAZOLE', 'INHIBITA', 1, NULL, NULL, 40.00, 'mg', 50.00, 0, 10, 1, '2027-05-01 00:00:00', '2024-12-16 05:08:52', '2024-12-16 05:08:52', 1),
(66, '8901530002033', 'OMEPRAZOLE', 'OMETIFT', 1, NULL, NULL, 20.00, 'mg', 50.00, 0, 10, 1, '2024-12-01 00:00:00', '2024-12-16 05:08:52', '2024-12-16 05:08:52', 1),
(67, '4806527201342', 'MULTIVITAMINS', 'MULTICAPS', 1, NULL, NULL, NULL, NULL, 50.00, 0, 10, 0, '2026-10-01 00:00:00', '2024-12-16 05:08:52', '2024-12-16 05:08:52', 1),
(68, 'GEN-00007', 'CARBOCISTEINE', 'MUCOFLEM', 1, NULL, NULL, 500.00, 'mg', 50.00, 0, 10, 1, '2026-05-01 00:00:00', '2024-12-16 05:08:52', '2024-12-16 05:08:52', 1),
(69, '4806524143324', 'EVENING PRIMROSE', 'E-ROSE', 1, NULL, NULL, 1000.00, 'mg', 50.00, 0, 10, 0, '2024-11-01 00:00:00', '2024-12-16 05:08:52', '2024-12-16 05:08:52', 1),
(70, '4806527190714', 'CARBOCISTEINE', 'MUCOXPEL', 1, NULL, NULL, 500.00, 'mg', 50.00, 0, 10, 1, '2026-06-01 00:00:00', '2024-12-16 05:08:52', '2024-12-16 05:08:52', 1),
(71, '4806523302333', 'MULTIVITAMINS', 'MYREVIT', 1, NULL, NULL, NULL, NULL, 50.00, 0, 10, 0, '2026-06-01 00:00:00', '2024-12-16 05:08:52', '2024-12-16 05:08:52', 1),
(72, '4806529430498', 'MULTIVITAMINS', 'HANIZYN', 1, NULL, NULL, NULL, NULL, 50.00, 0, 10, 0, '2025-07-01 00:00:00', '2024-12-16 05:08:52', '2024-12-16 05:08:52', 1),
(73, '8906041275778', 'SPIRONOLACTONE', 'SPIRODEN', 1, NULL, NULL, 25.00, 'mg', 50.00, 0, 10, 1, '2025-02-01 00:00:00', '2024-12-16 05:08:52', '2024-12-16 05:08:52', 1),
(74, 'GEN-00008', 'POTASSIUM CHLORIDE', 'KALIUSAPHRIDE', 1, NULL, NULL, 600.00, 'mg', 50.00, 0, 10, 1, '2025-02-01 00:00:00', '2024-12-16 05:08:52', '2024-12-16 05:08:52', 1),
(75, '4806524141849', 'GLIBENCLAMIDE', 'GLIMIDE', 1, NULL, NULL, 5.00, 'mg', 50.00, 0, 10, 1, '2025-02-01 00:00:00', '2024-12-16 05:08:52', '2024-12-16 05:08:52', 1),
(76, '4806508841536', 'POTASSIUM CITRATE', 'ALKALINSE', 1, NULL, NULL, 1080.00, 'mg', 50.00, 0, 10, 1, '2025-04-01 00:00:00', '2024-12-16 05:08:52', '2024-12-16 05:08:52', 1),
(77, '4806527195139', 'PARACETAMOL', 'TEMPAID', 1, NULL, NULL, 500.00, 'mg', 50.00, 0, 10, 0, '2025-02-01 00:00:00', '2024-12-16 05:08:52', '2024-12-16 05:08:52', 1),
(78, 'GEN-00009', 'PARACETAMOL', '4FEVER', 1, NULL, NULL, 500.00, 'mg', 50.00, 0, 10, 0, NULL, '2024-12-16 05:08:52', '2024-12-16 05:08:52', 1),
(79, '4806531900347', 'FERROUS SULFATE', 'COM -FEMIC', 1, NULL, NULL, 500.00, 'mg', 50.00, 0, 10, 0, '2025-05-01 00:00:00', '2024-12-16 05:08:52', '2024-12-16 05:08:52', 1),
(80, '8906117651871', 'CETIRIZINE', 'CETIRILIFE', 1, NULL, NULL, 10.00, 'mg', 50.00, 0, 10, 0, '2026-12-01 00:00:00', '2024-12-16 05:08:52', '2024-12-16 05:08:52', 1),
(81, '8904179017802', 'AZITHROMYCIN', 'GENZITH', 1, NULL, NULL, 500.00, 'mg', 50.00, 0, 10, 1, '2027-05-01 00:00:00', '2024-12-16 05:08:52', '2024-12-16 05:08:52', 1),
(82, '4806037100449', 'CEFIXIME', 'SUPRAPHIL', 1, NULL, NULL, 200.00, 'mg', 50.00, 0, 10, 1, '2025-09-01 00:00:00', '2024-12-16 05:08:52', '2024-12-16 05:08:52', 1),
(83, '4806524147148', 'CEFUROXIME', 'AEROX', 1, NULL, NULL, 500.00, 'mg', 50.00, 0, 10, 1, '2027-05-01 00:00:00', '2024-12-16 05:08:52', '2024-12-16 05:08:52', 1),
(84, '4806524140941', 'CLOXACILLIN', 'PHILCLOX', 1, NULL, NULL, 500.00, 'mg', 50.00, 0, 10, 1, '2026-02-01 00:00:00', '2024-12-16 05:08:52', '2024-12-16 05:08:52', 1),
(85, '4806523301893', 'CEFALEXIN', 'EXEL', 1, NULL, NULL, 500.00, 'mg', 50.00, 0, 10, 1, '2026-06-01 00:00:00', '2024-12-16 05:08:52', '2024-12-16 05:08:52', 1),
(86, '4800301904610', 'CEFACLOR', 'CEFLOR', 1, NULL, NULL, 500.00, 'mg', 50.00, 0, 10, 1, '2025-05-01 00:00:00', '2024-12-16 05:08:52', '2024-12-16 05:08:52', 1),
(87, '4806524147131', 'CELECOXIB', 'EMICOX', 1, NULL, NULL, 200.00, 'mg', 50.00, 0, 10, 1, '2027-01-01 00:00:00', '2024-12-16 05:08:52', '2024-12-16 05:08:52', 1),
(89, '8906043320032', 'CELECOXIB', 'SAPHLECOX', 1, NULL, NULL, 200.00, 'mg', 50.00, 0, 10, 1, '2026-12-01 00:00:00', '2024-12-16 05:08:52', '2024-12-16 05:08:52', 1),
(90, '8906043324887', 'FENOFIBRATE', 'FENOSAPH', 1, NULL, NULL, 160.00, 'mg', 50.00, 0, 10, 1, '2026-11-01 00:00:00', '2024-12-16 05:08:52', '2024-12-16 05:08:52', 1),
(91, '4806524147155', 'CELECOXIB', 'EMICOX', 1, NULL, NULL, 400.00, 'mg', 50.00, 0, 10, 1, '2026-04-01 00:00:00', '2024-12-16 05:08:52', '2024-12-16 05:08:52', 1),
(92, '8904182012610', 'MONTELUKAST', 'GENTAKAST-10', 1, NULL, NULL, 10.00, 'mg', 50.00, 0, 10, 1, '2027-02-01 00:00:00', '2024-12-16 05:08:52', '2024-12-16 05:08:52', 1),
(93, '4806505141271', 'ZILGAM', '', 1, NULL, NULL, NULL, NULL, 50.00, 0, 10, 0, '2026-03-01 00:00:00', '2024-12-16 05:08:52', '2024-12-16 05:08:52', 1),
(94, '8906009600055', 'BELLOID', '', 1, NULL, NULL, 10.00, 'mg', 50.00, 0, 10, 1, '2025-01-01 00:00:00', '2024-12-16 05:08:52', '2024-12-16 05:08:52', 1),
(95, '4806520350726', 'COTRIMAXOL', '', 1, NULL, NULL, 480.00, 'mg', 50.00, 0, 10, 1, '2025-10-01 00:00:00', '2024-12-16 05:08:52', '2024-12-16 05:08:52', 1),
(96, '4806529430696', 'MELMAG', '', 1, NULL, NULL, NULL, NULL, 50.00, 0, 10, 0, '2026-02-01 00:00:00', '2024-12-16 05:08:52', '2024-12-16 05:08:52', 1),
(97, '4806523302067', 'KATHREX 960', '', 1, NULL, NULL, NULL, NULL, 50.00, 0, 10, 1, '2026-09-01 00:00:00', '2024-12-16 05:08:52', '2024-12-16 05:08:52', 1),
(98, '4806035220101', 'CEFUROXIME', 'REGIXIME', 1, NULL, NULL, 500.00, 'mg', 50.00, 0, 10, 1, '2027-06-01 00:00:00', '2024-12-16 05:08:52', '2024-12-16 05:08:52', 1),
(99, '4806533602355', 'AMLODIPINE', 'RETAVASC-5', 1, NULL, NULL, 5.00, 'mg', 50.00, 0, 10, 1, '2026-03-01 00:00:00', '2024-12-16 05:08:52', '2024-12-16 05:08:52', 1),
(100, '8906045607728', 'TELMISARTAN', 'ORATEL-40', 1, NULL, NULL, 40.00, 'mg', 50.00, 0, 10, 1, '2027-06-01 00:00:00', '2024-12-16 05:08:52', '2024-12-16 05:08:52', 1),
(101, '4809015705865', 'KETOANALOGUE', 'KETOMIRIN', 1, NULL, NULL, NULL, NULL, 50.00, 0, 10, 1, '2026-08-01 00:00:00', '2024-12-16 05:08:52', '2024-12-16 05:08:52', 1),
(102, '4806523302593', 'METFORMIN', 'MYMET', 1, NULL, NULL, 500.00, 'mg', 50.00, 0, 10, 1, '2027-06-01 00:00:00', '2024-12-16 05:08:52', '2024-12-16 05:08:52', 1),
(103, '8904179017819', 'LOSARTAN POTASSIUM', 'RETAZART', 1, NULL, NULL, 50.00, 'mg', 50.00, 0, 10, 1, '2027-05-01 00:00:00', '2024-12-16 05:08:52', '2024-12-16 05:08:52', 1),
(104, 'GEN-00010', 'GLICLAZIDE', 'AGLIC MR', 1, NULL, NULL, 30.00, 'mg', 50.00, 0, 10, 1, '2026-08-01 00:00:00', '2024-12-16 05:08:52', '2024-12-16 05:08:52', 1),
(105, '8964001420149', 'ROSULVASTATIN', 'X-PLENDED', 1, NULL, NULL, 10.00, 'mg', 50.00, 0, 10, 1, '2025-03-01 00:00:00', '2024-12-16 05:08:52', '2024-12-16 05:08:52', 1),
(106, '8904180804453', 'ATORVASTATIN', 'ATORBET', 1, NULL, NULL, 20.00, 'mg', 50.00, 0, 10, 1, '2026-08-01 00:00:00', '2024-12-16 05:08:52', '2024-12-16 05:08:52', 1),
(107, 'GEN-00011', 'MULTIVITAMINS B1+B6+B12', 'REVITPLEX', 1, NULL, NULL, 100.00, 'mg', 50.00, 0, 10, 0, '2025-09-01 00:00:00', '2024-12-16 05:08:52', '2024-12-16 05:08:52', 1),
(108, '4806534570691', 'ETORICOXIB', 'ETORINOV-120', 1, NULL, NULL, 120.00, 'mg', 50.00, 0, 10, 1, '2026-06-01 00:00:00', '2024-12-16 05:08:52', '2024-12-16 05:08:52', 1),
(109, '8904130424502', 'CETIRIZINE DIHYDROCHLORIDE', 'RETANIX', 1, NULL, NULL, 10.00, 'mg', 50.00, 0, 10, 0, '2026-03-01 00:00:00', '2024-12-16 05:08:52', '2024-12-16 05:08:52', 1),
(110, '4806527191056', 'MEFENAMIC ACID', 'INFAMIX', 1, NULL, NULL, 500.00, 'mg', 50.00, 0, 10, 0, '2025-12-01 00:00:00', '2024-12-16 05:08:52', '2024-12-16 05:08:52', 1),
(111, '6921665004803', 'SALBUTAMOL', 'SALBPRESS', 1, NULL, NULL, 100.00, 'mcg', 50.00, 0, 10, 1, '2027-05-01 00:00:00', '2024-12-16 05:08:52', '2024-12-16 05:08:52', 1),
(112, '4806523301336', 'AMOXICILLIN', 'AXMEL', 1, NULL, NULL, 250.00, 'mg/ml', 50.00, 0, 10, 1, '2027-10-01 00:00:00', '2024-12-16 05:08:52', '2024-12-16 05:08:52', 1),
(113, '8906016617923', 'CO-AMOXICLAV', 'ORAPEN-S', 1, NULL, NULL, 312.50, 'mg', 50.00, 0, 10, 1, '2026-05-01 00:00:00', '2024-12-16 05:08:52', '2024-12-16 05:08:52', 1),
(114, '4806529430047', 'AMBROXOL', 'COUXIN', 1, NULL, NULL, 15.00, 'mg/ml', 50.00, 0, 10, 0, '2027-02-01 00:00:00', '2024-12-16 05:08:52', '2024-12-16 05:08:52', 1),
(115, '4806533603000', 'CO-AMOXICLAV', 'COBELXI-457', 1, NULL, NULL, 457.00, 'mg/ml', 50.00, 0, 10, 1, '2026-03-01 00:00:00', '2024-12-16 05:08:52', '2024-12-16 05:08:52', 1),
(117, '4806523302708', 'CETIRIZINE', 'CETIREX', 1, NULL, NULL, 5.00, 'mg/ml', 50.00, 0, 10, 0, '2026-08-01 00:00:00', '2024-12-16 05:08:52', '2024-12-16 05:08:52', 1),
(118, '8906016618135', 'CO-AMOXICLAV', 'ORPENS-S', 1, NULL, NULL, 156.50, 'mg', 50.00, 0, 10, 1, '2024-05-01 00:00:00', '2024-12-16 05:08:52', '2024-12-16 05:08:52', 1),
(119, '8906076770392', 'SALBUTAMOL + IPRATROPIUM', 'DUOMED', 1, NULL, NULL, NULL, NULL, 50.00, 0, 10, 1, '2024-06-01 00:00:00', '2024-12-16 05:08:52', '2024-12-16 05:08:52', 1),
(120, '8906076770286', 'SALBUTAMOL', 'RETAVENT', 1, NULL, NULL, 1.00, 'mg/ml', 50.00, 0, 10, 1, '2026-05-01 00:00:00', '2024-12-16 05:08:52', '2024-12-16 05:08:52', 1),
(121, '4806527651321', 'BUCLIZINE HD', 'APPETANYX', 1, NULL, NULL, 25.00, 'mg', 50.00, 0, 10, 0, '2026-07-01 00:00:00', '2024-12-16 05:08:52', '2024-12-16 05:08:52', 1),
(122, '232', '2AD', '', 1, 'ADdd', 'ADDD', NULL, NULL, 2323.00, 0, 10, 0, NULL, NULL, '2025-01-04 13:02:04', 0),
(123, '123323', 'ADor', '', 11, 'partorilie', 'fgherihlo', NULL, NULL, 100.00, 0, 10, 1, '2026-06-28 00:00:00', '2025-01-03 17:27:45', '2025-01-06 07:24:59', 0),
(125, 'PROD23232', '23Paroe', 'Mawe', 1, 'Prodcut', 'Prodctut', NULL, NULL, 255.00, 0, 10, 1, NULL, '2025-01-04 19:24:20', '2025-01-04 13:02:56', 0),
(126, 'BAR232323', 'parae', 'dfe', 11, 'cwe', 'ewew', NULL, NULL, 232.00, 0, 10, 0, NULL, '2025-01-04 19:24:51', '2025-01-06 08:37:11', 0),
(127, 'porr223422', '2pto', 'por23', 4, '4343', 'addsc', NULL, NULL, 123.00, 0, 10, 1, NULL, '2025-01-04 20:03:39', '2025-01-06 08:37:11', 0),
(128, 'TEST2323232', 'ATEST', 'PRODUCT', 10, 'This is a test product', 'This is the side effects including:\n1. Test', NULL, NULL, 1000.00, 0, 10, 0, NULL, '2025-01-06 00:05:16', '2025-01-06 08:37:11', 0),
(130, 'TEST10000', 'ATEST', 'PRODUCT', 10, 'This is a test product', 'This is the side effects including:\n1. Test', NULL, NULL, 1000.00, 0, 10, 0, NULL, '2025-01-06 00:05:55', '2025-01-06 07:26:15', 0),
(132, 'TEST200202', 'ATEST', 'PRODUCT23', 11, 'Test Product', 'Test Side Effects \n1.232322\n3..fsfsfs\n', 50.00, 'ml', 150.00, 12, 10, 0, NULL, '2025-01-06 00:20:42', '2025-01-06 08:37:11', 0),
(133, '2323232321', 'TEST NAME', 'BRAND NAME', 13, 'TEST PRODUCT', 'NOT TO USE THIS', 5.00, 'mg', 1500.00, 5, 25, 0, NULL, '2025-01-08 17:13:52', '2025-01-08 10:30:54', 0),
(134, 'BAR-00001', 'PREFIX', 'BARCODE', 16, 'Barcode Testing', 'Prefix', 5.00, 'patch', 155.00, 25, 15, 0, NULL, '2025-01-08 20:07:48', '2025-01-08 20:07:48', 1),
(135, 'GEN-00012', 'GENERIC', 'EXAMPLE', 2, 'TEST PRODUCT', 'TEST PORODUCT', 123.00, 'drop', 1550.55, 55, 100, 1, NULL, '2025-01-08 20:23:19', '2025-01-08 20:23:19', 1),
(136, '1085915011', 'SCAN', 'BARCODE', 16, 'hahahaha', 'hhhah', 144.00, 'mg/ml', 1555.00, 55, 5, 1, NULL, '2025-01-08 20:24:51', '2025-01-08 20:24:51', 1);

-- --------------------------------------------------------

--
-- Table structure for table `products_archive`
--

CREATE TABLE `products_archive` (
  `archive_id` int(11) NOT NULL,
  `product_id` int(11) NOT NULL,
  `barcode` varchar(255) NOT NULL,
  `name` varchar(255) NOT NULL,
  `brand_name` varchar(255) DEFAULT NULL,
  `category` int(11) DEFAULT NULL,
  `description` text DEFAULT NULL,
  `sideEffects` text DEFAULT NULL,
  `dosage_amount` decimal(10,2) DEFAULT NULL,
  `dosage_unit` varchar(50) DEFAULT NULL,
  `price` decimal(10,2) DEFAULT NULL,
  `pieces_per_box` int(11) DEFAULT NULL,
  `critical` int(11) DEFAULT NULL,
  `requiresPrescription` tinyint(1) DEFAULT NULL,
  `expiryDate` date DEFAULT NULL,
  `archived_by` int(11) NOT NULL,
  `archive_reason` text NOT NULL,
  `archived_at` timestamp NOT NULL DEFAULT current_timestamp()
) ENGINE=InnoDB DEFAULT CHARSET=utf8mb4 COLLATE=utf8mb4_general_ci;

--
-- Dumping data for table `products_archive`
--

INSERT INTO `products_archive` (`archive_id`, `product_id`, `barcode`, `name`, `brand_name`, `category`, `description`, `sideEffects`, `dosage_amount`, `dosage_unit`, `price`, `pieces_per_box`, `critical`, `requiresPrescription`, `expiryDate`, `archived_by`, `archive_reason`, `archived_at`) VALUES
(8, 123, '123323', 'ADor', '', 11, 'partorilie', 'fgherihlo', NULL, NULL, 100.00, 0, 0, 1, '2026-06-28', 4, 'asda', '2025-01-06 07:24:59');

-- --------------------------------------------------------

--
-- Stand-in structure for view `product_total_stock`
-- (See below for the actual view)
--
CREATE TABLE `product_total_stock` (
`product_id` int(11)
,`total_stock` decimal(32,0)
);

-- --------------------------------------------------------

--
-- Table structure for table `sales`
--

CREATE TABLE `sales` (
  `id` int(11) NOT NULL,
  `invoice_number` varchar(50) NOT NULL,
  `customer_id` int(11) DEFAULT NULL,
  `pharmacist_session_id` int(11) DEFAULT NULL,
  `customer_name` varchar(100) DEFAULT NULL,
  `total_amount` decimal(10,2) NOT NULL,
  `discount_amount` decimal(10,2) DEFAULT 0.00,
  `discount_type` enum('None','Senior','PWD','Employee','Points') DEFAULT 'None',
  `discount_id_number` varchar(50) DEFAULT NULL,
  `payment_method` enum('cash','card','gcash','maya') NOT NULL,
  `payment_status` enum('paid','pending','cancelled','refunded') NOT NULL DEFAULT 'pending',
  `points_earned` int(11) DEFAULT 0,
  `points_redeemed` int(11) DEFAULT 0,
  `branch_id` int(11) NOT NULL,
  `created_at` timestamp NULL DEFAULT NULL,
  `updated_at` timestamp NULL DEFAULT NULL,
  `daily_sequence` int(11) NOT NULL DEFAULT 1
) ENGINE=InnoDB DEFAULT CHARSET=utf8mb4 COLLATE=utf8mb4_unicode_ci;

--
-- Triggers `sales`
--
DELIMITER $$
CREATE TRIGGER `sales_before_insert` BEFORE INSERT ON `sales` FOR EACH ROW BEGIN
  SET NEW.daily_sequence = (
    SELECT COALESCE(MAX(daily_sequence), 0) + 1
    FROM sales
    WHERE branch_id = NEW.branch_id
    AND DATE(created_at) = DATE(NEW.created_at)
  );
END
$$
DELIMITER ;

-- --------------------------------------------------------

--
-- Table structure for table `sales_payments`
--

CREATE TABLE `sales_payments` (
  `payment_id` int(11) NOT NULL,
  `sale_id` int(11) NOT NULL,
  `payment_method` enum('cash','card','gcash','maya') NOT NULL,
  `amount` decimal(10,2) NOT NULL,
  `reference_number` varchar(100) DEFAULT NULL,
  `created_at` timestamp NULL DEFAULT NULL
) ENGINE=InnoDB DEFAULT CHARSET=utf8mb4 COLLATE=utf8mb4_unicode_ci;

-- --------------------------------------------------------

--
-- Table structure for table `sales_returns`
--

CREATE TABLE `sales_returns` (
  `return_id` int(11) NOT NULL,
  `sale_id` int(11) NOT NULL,
  `product_id` int(11) NOT NULL,
  `quantity` int(11) NOT NULL,
  `reason` text NOT NULL,
  `refund_amount` decimal(10,2) NOT NULL,
  `pharmacist_id` int(11) NOT NULL,
  `status` enum('pending','approved','rejected') DEFAULT 'pending',
  `created_at` timestamp NULL DEFAULT NULL,
  `updated_at` timestamp NULL DEFAULT NULL
) ENGINE=InnoDB DEFAULT CHARSET=utf8mb4 COLLATE=utf8mb4_unicode_ci;

-- --------------------------------------------------------

--
-- Table structure for table `sales_sessions`
--

CREATE TABLE `sales_sessions` (
  `session_id` int(11) NOT NULL,
  `branch_id` int(11) NOT NULL,
  `start_time` timestamp NULL DEFAULT NULL,
  `end_time` timestamp NULL DEFAULT NULL,
  `total_sales` decimal(10,2) DEFAULT 0.00,
  `created_at` timestamp NULL DEFAULT NULL,
  `updated_at` timestamp NULL DEFAULT NULL
) ENGINE=InnoDB DEFAULT CHARSET=utf8mb4 COLLATE=utf8mb4_general_ci;

--
-- Dumping data for table `sales_sessions`
--

INSERT INTO `sales_sessions` (`session_id`, `branch_id`, `start_time`, `end_time`, `total_sales`, `created_at`, `updated_at`) VALUES
(1, 1, '2024-12-18 22:30:15', NULL, 0.00, '2024-12-18 22:30:15', '2024-12-18 22:30:15'),
(2, 1, '2024-12-18 22:30:45', NULL, 0.00, '2024-12-18 22:30:45', '2024-12-18 22:30:45'),
(3, 1, '2024-12-18 22:34:40', NULL, 0.00, '2024-12-18 22:34:40', '2024-12-18 22:34:40'),
(4, 1, '2024-12-18 22:35:11', NULL, 0.00, '2024-12-18 22:35:11', '2024-12-18 22:35:11'),
(5, 1, '2024-12-18 22:38:56', NULL, 0.00, '2024-12-18 22:38:56', '2024-12-18 22:38:56'),
(6, 1, '2024-12-18 22:39:27', NULL, 0.00, '2024-12-18 22:39:27', '2024-12-18 22:39:27'),
(7, 1, '2024-12-18 22:42:15', NULL, 0.00, '2024-12-18 22:42:15', '2024-12-18 22:42:15'),
(8, 1, '2024-12-18 22:42:55', NULL, 0.00, '2024-12-18 22:42:55', '2024-12-18 22:42:55'),
(9, 1, '2024-12-18 22:45:08', NULL, 0.00, '2024-12-18 22:45:08', '2024-12-18 22:45:08'),
(10, 1, '2024-12-18 22:46:02', NULL, 0.00, '2024-12-18 22:46:02', '2024-12-18 22:46:02'),
(11, 1, '2024-12-18 22:50:35', NULL, 0.00, '2024-12-18 22:50:35', '2024-12-18 22:50:35'),
(12, 1, '2024-12-18 22:55:51', NULL, 0.00, '2024-12-18 22:55:51', '2024-12-18 22:55:51'),
(13, 1, '2024-12-18 23:00:01', NULL, 0.00, '2024-12-18 23:00:01', '2024-12-18 23:00:01'),
(14, 3, '2024-12-18 23:08:34', NULL, 0.00, '2024-12-18 23:08:34', '2024-12-18 23:08:34'),
(15, 1, '2024-12-18 23:23:56', NULL, 0.00, '2024-12-18 23:23:56', '2024-12-18 23:23:56'),
(16, 1, '2024-12-19 00:10:10', NULL, 0.00, '2024-12-19 00:10:10', '2024-12-19 00:10:10'),
(17, 1, '2024-12-19 00:18:31', NULL, 0.00, '2024-12-19 00:18:31', '2024-12-19 00:18:31'),
(18, 1, '2024-12-19 00:22:19', NULL, 0.00, '2024-12-19 00:22:19', '2024-12-19 00:22:19'),
(19, 2, '2024-12-19 00:27:33', NULL, 0.00, '2024-12-19 00:27:33', '2024-12-19 00:27:33'),
(20, 1, '2024-12-19 00:47:46', NULL, 0.00, '2024-12-19 00:47:46', '2024-12-19 00:47:46'),
(21, 1, '2024-12-19 08:59:12', NULL, 0.00, NULL, NULL),
(22, 1, '2024-12-19 09:05:45', NULL, 0.00, '2024-12-19 09:05:45', '2024-12-19 09:05:45'),
(23, 1, '2024-12-19 09:14:13', NULL, 0.00, '2024-12-19 09:14:13', '2024-12-19 09:14:13'),
(24, 1, '2024-12-19 09:40:51', NULL, 0.00, '2024-12-19 09:40:51', '2024-12-19 09:40:51'),
(25, 1, '2024-12-19 10:04:42', NULL, 0.00, '2024-12-19 10:04:42', '2024-12-19 10:04:42'),
(26, 1, '2024-12-19 10:09:03', NULL, 0.00, '2024-12-19 10:09:03', '2024-12-19 10:09:03'),
(27, 1, '2024-12-19 10:12:52', NULL, 0.00, '2024-12-19 10:12:52', '2024-12-19 10:12:52'),
(28, 1, '2024-12-19 10:17:15', NULL, 0.00, '2024-12-19 10:17:15', '2024-12-19 10:17:15'),
(29, 3, '2024-12-19 10:20:32', '2024-12-19 10:20:40', 0.00, '2024-12-19 10:20:32', '2024-12-19 10:20:40'),
(30, 3, '2024-12-19 10:23:29', '2024-12-19 10:23:37', 0.00, '2024-12-19 10:23:29', '2024-12-19 10:23:37'),
(31, 1, '2024-12-19 10:28:13', '2024-12-19 10:40:33', 0.00, '2024-12-19 10:28:13', '2024-12-19 10:40:33'),
(32, 1, '2024-12-19 10:40:40', NULL, 0.00, '2024-12-19 10:40:40', '2024-12-19 10:40:40'),
(33, 1, '2024-12-19 11:23:45', NULL, 0.00, '2024-12-19 11:23:45', '2024-12-19 11:23:45'),
(34, 1, '2024-12-19 11:33:52', NULL, 0.00, '2024-12-19 11:33:52', '2024-12-19 11:33:52'),
(35, 1, '2024-12-19 12:01:17', NULL, 0.00, '2024-12-19 12:01:17', '2024-12-19 12:01:17'),
(36, 1, '2024-12-19 12:03:29', NULL, 0.00, '2024-12-19 12:03:29', '2024-12-19 12:03:29'),
(37, 1, '2024-12-19 12:06:45', '2024-12-19 12:08:33', 0.00, '2024-12-19 12:06:45', '2024-12-19 12:08:33'),
(38, 1, '2024-12-19 12:08:42', '2024-12-19 12:11:04', 0.00, '2024-12-19 12:08:42', '2024-12-19 12:11:04'),
(39, 1, '2024-12-19 12:11:13', NULL, 0.00, '2024-12-19 12:11:13', '2024-12-19 12:11:13'),
(40, 1, '2024-12-19 12:14:40', NULL, 0.00, '2024-12-19 12:14:40', '2024-12-19 12:14:40'),
(41, 1, '2024-12-19 12:20:13', '2024-12-19 12:22:33', 0.00, '2024-12-19 12:20:13', '2024-12-19 12:22:33'),
(42, 1, '2024-12-19 12:22:40', NULL, 0.00, '2024-12-19 12:22:40', '2024-12-19 12:22:40'),
(43, 1, '2024-12-19 13:08:47', NULL, 0.00, '2024-12-19 13:08:47', '2024-12-19 13:08:47'),
(44, 1, '2024-12-19 14:33:17', '2024-12-19 14:54:52', 0.00, '2024-12-19 14:33:17', '2024-12-19 14:54:52'),
(45, 1, '2024-12-19 15:04:14', NULL, 0.00, '2024-12-19 15:04:14', '2024-12-19 15:04:14'),
(46, 1, '2024-12-19 15:29:34', NULL, 0.00, '2024-12-19 15:29:34', '2024-12-19 15:29:34'),
(47, 1, '2024-12-19 15:43:06', '2024-12-19 15:48:03', 0.00, '2024-12-19 15:43:06', '2024-12-19 15:48:03'),
(48, 1, '2024-12-19 15:44:02', NULL, 0.00, '2024-12-19 15:44:02', '2024-12-19 15:44:02'),
(49, 1, '2024-12-19 15:44:35', NULL, 0.00, '2024-12-19 15:44:35', '2024-12-19 15:44:35'),
(50, 1, '2024-12-19 16:16:15', NULL, 0.00, '2024-12-19 16:16:15', '2024-12-19 16:16:15'),
(51, 1, '2024-12-19 16:18:00', '2024-12-19 16:20:08', 0.00, '2024-12-19 16:18:00', '2024-12-19 16:20:08'),
(52, 1, '2024-12-19 16:20:46', '2024-12-19 16:29:28', 0.00, '2024-12-19 16:20:46', '2024-12-19 16:29:28'),
(53, 1, '2024-12-19 17:04:10', '2024-12-19 17:16:33', 0.00, '2024-12-19 17:04:10', '2024-12-19 17:16:33'),
(54, 1, '2024-12-19 17:55:15', '2024-12-19 17:58:08', 0.00, '2024-12-19 17:55:15', '2024-12-19 17:58:08'),
(55, 1, '2024-12-19 17:58:20', '2024-12-19 17:58:56', 0.00, '2024-12-19 17:58:20', '2024-12-19 17:58:56'),
(56, 1, '2024-12-19 17:59:10', '2024-12-19 18:12:26', 0.00, '2024-12-19 17:59:10', '2024-12-19 18:12:26'),
(57, 1, '2024-12-19 18:30:53', NULL, 0.00, '2024-12-19 18:30:53', '2024-12-19 18:30:53'),
(58, 1, '2025-01-01 15:57:43', NULL, 0.00, '2025-01-01 15:57:43', '2025-01-01 15:57:43'),
(59, 1, '2025-01-01 18:58:36', '2025-01-01 18:58:41', 0.00, '2025-01-01 18:58:36', '2025-01-01 18:58:41'),
(60, 1, '2025-01-01 18:59:22', '2025-01-01 18:59:28', 0.00, '2025-01-01 18:59:22', '2025-01-01 18:59:28'),
(61, 1, '2025-01-01 18:59:36', '2025-01-01 18:59:42', 0.00, '2025-01-01 18:59:36', '2025-01-01 18:59:42'),
(62, 1, '2025-01-01 18:59:53', NULL, 0.00, '2025-01-01 18:59:53', '2025-01-01 18:59:53'),
(63, 1, '2025-01-08 15:46:46', '2025-01-08 15:46:59', 0.00, '2025-01-08 15:46:46', '2025-01-08 15:46:59'),
(64, 1, '2025-01-08 15:47:07', '2025-01-08 15:49:19', 0.00, '2025-01-08 15:47:07', '2025-01-08 15:49:19');

-- --------------------------------------------------------

--
-- Table structure for table `sale_items`
--

CREATE TABLE `sale_items` (
  `id` int(11) NOT NULL,
  `sale_id` int(11) NOT NULL,
  `product_id` int(11) NOT NULL,
  `quantity` int(11) NOT NULL,
  `unit_price` decimal(10,2) NOT NULL,
  `total_price` decimal(10,2) NOT NULL,
  `SKU` enum('Piece','Box') NOT NULL,
  `prescription_id` int(11) DEFAULT NULL,
  `created_at` timestamp NULL DEFAULT NULL
) ENGINE=InnoDB DEFAULT CHARSET=utf8mb4 COLLATE=utf8mb4_unicode_ci;

-- --------------------------------------------------------

--
-- Table structure for table `star_points`
--

CREATE TABLE `star_points` (
  `star_points_id` int(11) NOT NULL,
  `customer_id` int(11) NOT NULL,
  `points_balance` int(11) NOT NULL DEFAULT 0,
  `total_points_earned` int(11) NOT NULL DEFAULT 0,
  `total_points_redeemed` int(11) NOT NULL DEFAULT 0,
  `created_at` timestamp NULL DEFAULT NULL,
  `updated_at` timestamp NULL DEFAULT NULL
) ENGINE=InnoDB DEFAULT CHARSET=utf8mb4 COLLATE=utf8mb4_general_ci;

--
-- Dumping data for table `star_points`
--

INSERT INTO `star_points` (`star_points_id`, `customer_id`, `points_balance`, `total_points_earned`, `total_points_redeemed`, `created_at`, `updated_at`) VALUES
(1, 1, 500, 500, 0, '2024-12-10 07:03:21', '2024-12-10 07:03:21'),
(2, 2, 750, 750, 0, '2024-12-10 07:03:21', '2024-12-10 07:03:21');

-- --------------------------------------------------------

--
-- Table structure for table `star_points_transactions`
--

CREATE TABLE `star_points_transactions` (
  `transaction_id` int(11) NOT NULL,
  `star_points_id` int(11) NOT NULL,
  `points_amount` int(11) NOT NULL,
  `transaction_type` enum('EARNED','REDEEMED') NOT NULL,
  `reference_transaction_id` varchar(100) DEFAULT NULL,
  `created_at` timestamp NULL DEFAULT NULL
) ENGINE=InnoDB DEFAULT CHARSET=utf8mb4 COLLATE=utf8mb4_general_ci;

-- --------------------------------------------------------

--
-- Table structure for table `test_accounts`
--

CREATE TABLE `test_accounts` (
  `id` int(11) NOT NULL,
  `email` varchar(255) NOT NULL,
  `password` varchar(255) NOT NULL
) ENGINE=InnoDB DEFAULT CHARSET=utf8mb4 COLLATE=utf8mb4_unicode_ci;

-- --------------------------------------------------------

--
-- Table structure for table `users`
--

CREATE TABLE `users` (
  `user_id` int(11) NOT NULL,
  `employee_id` varchar(20) NOT NULL,
  `name` varchar(100) NOT NULL,
  `password` varchar(255) NOT NULL,
  `remarks` varchar(255) NOT NULL,
  `role` enum('ADMIN','MANAGER','PHARMACIST') NOT NULL,
  `email` varchar(255) NOT NULL,
  `phone` varchar(11) NOT NULL,
  `branch_id` int(11) DEFAULT NULL,
  `is_active` tinyint(1) DEFAULT 1,
  `hired_at` date NOT NULL,
  `created_at` timestamp NULL DEFAULT NULL,
  `updated_at` timestamp NULL DEFAULT NULL
) ENGINE=InnoDB DEFAULT CHARSET=utf8mb4 COLLATE=utf8mb4_general_ci;

--
-- Dumping data for table `users`
--

INSERT INTO `users` (`user_id`, `employee_id`, `name`, `password`, `remarks`, `role`, `email`, `phone`, `branch_id`, `is_active`, `hired_at`, `created_at`, `updated_at`) VALUES
(1, '10000001', 'Janeth Escala', '$2y$10$92IXUNpkjO0rOQ5byMi.Ye4oKoEa3Ro9llC/.og/at2.uheWG/igi', '', 'ADMIN', '', '0', 1, 1, '0000-00-00', '2024-12-10 07:03:20', '2024-12-15 10:52:07'),
(2, '10000002', 'Bea Alyssa Lugtu', '$2a$10$7j88NYdepYGMgtRTzomI5.z7HHNtBXKyr07fYaNC9VPCtk9baWuuu', '', 'ADMIN', 'lugtubealyssa@gmail.com', '0', 2, 1, '0000-00-00', '2024-12-10 07:03:20', '2025-01-03 18:47:08'),
(3, '10000003', 'Kevin Llanes', '$2a$10$wK8pwnW8aSZy82jEb0m/JOW2mOFuwCI8DMp3/3js1BjvcJBfOnc9S', 'Developer', 'ADMIN', 'kevsllanes@gmail.com', '09667751474', 1, 1, '2024-12-19', '2024-12-18 23:13:46', '2025-01-06 15:31:31'),
(4, '000', 'Admin User', '$2a$10$fRzfowiVZncDv7BBM4DYmOmLFngijBoBGz/VBLKt0dqgunjcm7uku', 'Main system administrator account', 'ADMIN', 'kevsllanes@gmail.com', '123456789', NULL, 1, '2024-12-18', '2024-12-18 23:26:53', '2025-01-08 20:44:55'),
(5, '001', 'System Administrator', '$2a$10$sNoq5nL3.SXtIp4tHROYDu0JBSJ0KG5r0vpt8aOMyhk0C6t885EC.', 'Main system administrator account', 'MANAGER', 'iflrix2704@gmail.com', '123456789', NULL, 1, '2024-12-18', '2024-12-18 23:28:22', '2025-01-07 18:05:41'),
(7, '10000006', 'hdfhdzhdfhdfh', 'Admin123!', 'Developer', '', 'lugtubealyssa@gmail.com', '09667751474', 1, 1, '0000-00-00', NULL, NULL);

-- --------------------------------------------------------

--
-- Structure for view `branch_inventory_summary`
--
DROP TABLE IF EXISTS `branch_inventory_summary`;

CREATE ALGORITHM=UNDEFINED DEFINER=`u280565526_j5admin`@`127.0.0.1` SQL SECURITY DEFINER VIEW `branch_inventory_summary`  AS SELECT `bi`.`inventory_id` AS `inventory_id`, `bi`.`branch_id` AS `branch_id`, `b`.`branch_name` AS `branch_name`, `bi`.`product_id` AS `product_id`, `p`.`name` AS `product_name`, `p`.`brand_name` AS `brand_name`, `bi`.`stock` AS `stock`, `bi`.`expiryDate` AS `expiryDate`, `bi`.`createdAt` AS `createdAt`, `bi`.`updatedAt` AS `updatedAt` FROM ((`branch_inventory` `bi` join `branches` `b` on(`bi`.`branch_id` = `b`.`branch_id`)) join `products` `p` on(`bi`.`product_id` = `p`.`id`)) WHERE `bi`.`is_active` = 1 ;

-- --------------------------------------------------------

--
-- Structure for view `product_total_stock`
--
DROP TABLE IF EXISTS `product_total_stock`;

CREATE ALGORITHM=UNDEFINED DEFINER=`u280565526_j5admin`@`127.0.0.1` SQL SECURITY DEFINER VIEW `product_total_stock`  AS SELECT `p`.`id` AS `product_id`, coalesce(sum(`bi`.`stock`),0) AS `total_stock` FROM (`products` `p` left join `branch_inventory` `bi` on(`p`.`id` = `bi`.`product_id` and `bi`.`is_active` = 1)) GROUP BY `p`.`id` ;

--
-- Indexes for dumped tables
--

--
-- Indexes for table `branches`
--
ALTER TABLE `branches`
  ADD PRIMARY KEY (`branch_id`);

--
-- Indexes for table `branch_inventory`
--
ALTER TABLE `branch_inventory`
  ADD PRIMARY KEY (`inventory_id`),
  ADD KEY `product_id` (`product_id`),
  ADD KEY `idx_branch_product` (`branch_id`,`product_id`);

--
-- Indexes for table `branch_inventory_archive`
--
ALTER TABLE `branch_inventory_archive`
  ADD PRIMARY KEY (`id`),
  ADD KEY `idx_branch_inventory_archive_product` (`product_id`),
  ADD KEY `idx_branch_inventory_archive_branch` (`branch_id`),
  ADD KEY `idx_branch_inventory_archive_archived_by` (`archived_by`);

--
-- Indexes for table `cash_reconciliation`
--
ALTER TABLE `cash_reconciliation`
  ADD PRIMARY KEY (`reconciliation_id`),
  ADD KEY `pharmacist_session_id` (`pharmacist_session_id`);

--
-- Indexes for table `category`
--
ALTER TABLE `category`
  ADD PRIMARY KEY (`category_id`);

--
-- Indexes for table `category_archive`
--
ALTER TABLE `category_archive`
  ADD PRIMARY KEY (`category_id`),
  ADD KEY `archived_by` (`archived_by`);

--
-- Indexes for table `category_barcode_counter`
--
ALTER TABLE `category_barcode_counter`
  ADD PRIMARY KEY (`category_id`);

--
-- Indexes for table `customers`
--
ALTER TABLE `customers`
  ADD PRIMARY KEY (`customer_id`);

--
-- Indexes for table `held_transactions`
--
ALTER TABLE `held_transactions`
  ADD PRIMARY KEY (`id`),
  ADD KEY `sales_session_id` (`sales_session_id`),
  ADD KEY `customer_id` (`customer_id`),
  ADD KEY `branch_id` (`branch_id`);

--
-- Indexes for table `held_transaction_items`
--
ALTER TABLE `held_transaction_items`
  ADD PRIMARY KEY (`id`),
  ADD KEY `held_transaction_id` (`held_transaction_id`),
  ADD KEY `product_id` (`product_id`);

--
-- Indexes for table `invoice_sequence`
--
ALTER TABLE `invoice_sequence`
  ADD PRIMARY KEY (`id`),
  ADD UNIQUE KEY `branch_year_month_unique` (`branch_id`,`year`,`month`);

--
-- Indexes for table `pharmacist`
--
ALTER TABLE `pharmacist`
  ADD PRIMARY KEY (`staff_id`),
  ADD UNIQUE KEY `pin_code` (`pin_code`),
  ADD KEY `branch_id` (`branch_id`);

--
-- Indexes for table `pharmacist_sessions`
--
ALTER TABLE `pharmacist_sessions`
  ADD PRIMARY KEY (`pharmacist_session_id`),
  ADD KEY `session_id` (`session_id`),
  ADD KEY `staff_id` (`staff_id`) USING BTREE;

--
-- Indexes for table `prescriptions`
--
ALTER TABLE `prescriptions`
  ADD PRIMARY KEY (`prescription_id`),
  ADD KEY `customer_id` (`customer_id`);

--
-- Indexes for table `prescription_items`
--
ALTER TABLE `prescription_items`
  ADD PRIMARY KEY (`item_id`),
  ADD KEY `prescription_id` (`prescription_id`);

--
-- Indexes for table `products`
--
ALTER TABLE `products`
  ADD PRIMARY KEY (`id`),
  ADD UNIQUE KEY `barcode` (`barcode`),
  ADD KEY `category` (`category`);

--
-- Indexes for table `products_archive`
--
ALTER TABLE `products_archive`
  ADD PRIMARY KEY (`archive_id`),
  ADD KEY `category` (`category`),
  ADD KEY `idx_products_archive_product` (`product_id`),
  ADD KEY `idx_products_archive_barcode` (`barcode`),
  ADD KEY `idx_products_archive_name` (`name`),
  ADD KEY `idx_products_archive_archived_by` (`archived_by`),
  ADD KEY `idx_products_archive_archived_at` (`archived_at`);

--
-- Indexes for table `sales`
--
ALTER TABLE `sales`
  ADD PRIMARY KEY (`id`),
  ADD UNIQUE KEY `invoice_number` (`invoice_number`),
  ADD KEY `customer_id` (`customer_id`),
  ADD KEY `pharmacist_session_id` (`pharmacist_session_id`),
  ADD KEY `idx_invoice_number` (`invoice_number`),
  ADD KEY `idx_created_at` (`created_at`),
  ADD KEY `idx_branch_customer` (`branch_id`,`customer_id`);

--
-- Indexes for table `sales_payments`
--
ALTER TABLE `sales_payments`
  ADD PRIMARY KEY (`payment_id`),
  ADD KEY `sale_id` (`sale_id`);

--
-- Indexes for table `sales_returns`
--
ALTER TABLE `sales_returns`
  ADD PRIMARY KEY (`return_id`),
  ADD KEY `sale_id` (`sale_id`),
  ADD KEY `product_id` (`product_id`),
  ADD KEY `pharmacist_id` (`pharmacist_id`);

--
-- Indexes for table `sales_sessions`
--
ALTER TABLE `sales_sessions`
  ADD PRIMARY KEY (`session_id`),
  ADD KEY `branch_id` (`branch_id`);

--
-- Indexes for table `sale_items`
--
ALTER TABLE `sale_items`
  ADD PRIMARY KEY (`id`),
  ADD KEY `product_id` (`product_id`),
  ADD KEY `prescription_id` (`prescription_id`),
  ADD KEY `idx_sale_product` (`sale_id`,`product_id`);

--
-- Indexes for table `star_points`
--
ALTER TABLE `star_points`
  ADD PRIMARY KEY (`star_points_id`),
  ADD UNIQUE KEY `customer_id` (`customer_id`);

--
-- Indexes for table `star_points_transactions`
--
ALTER TABLE `star_points_transactions`
  ADD PRIMARY KEY (`transaction_id`),
  ADD KEY `star_points_id` (`star_points_id`);

--
-- Indexes for table `test_accounts`
--
ALTER TABLE `test_accounts`
  ADD PRIMARY KEY (`id`);

--
-- Indexes for table `users`
--
ALTER TABLE `users`
  ADD PRIMARY KEY (`user_id`),
  ADD UNIQUE KEY `employee_id` (`employee_id`),
  ADD KEY `branch_id` (`branch_id`);

--
-- AUTO_INCREMENT for dumped tables
--

--
-- AUTO_INCREMENT for table `branches`
--
ALTER TABLE `branches`
  MODIFY `branch_id` int(11) NOT NULL AUTO_INCREMENT, AUTO_INCREMENT=6;

--
-- AUTO_INCREMENT for table `branch_inventory`
--
ALTER TABLE `branch_inventory`
  MODIFY `inventory_id` int(11) NOT NULL AUTO_INCREMENT, AUTO_INCREMENT=260;

--
-- AUTO_INCREMENT for table `branch_inventory_archive`
--
ALTER TABLE `branch_inventory_archive`
  MODIFY `id` int(11) NOT NULL AUTO_INCREMENT, AUTO_INCREMENT=175;

--
-- AUTO_INCREMENT for table `cash_reconciliation`
--
ALTER TABLE `cash_reconciliation`
  MODIFY `reconciliation_id` int(11) NOT NULL AUTO_INCREMENT;

--
-- AUTO_INCREMENT for table `category`
--
ALTER TABLE `category`
  MODIFY `category_id` int(11) NOT NULL AUTO_INCREMENT, AUTO_INCREMENT=17;

--
-- AUTO_INCREMENT for table `customers`
--
ALTER TABLE `customers`
  MODIFY `customer_id` int(11) NOT NULL AUTO_INCREMENT, AUTO_INCREMENT=3;

--
-- AUTO_INCREMENT for table `held_transactions`
--
ALTER TABLE `held_transactions`
  MODIFY `id` int(11) NOT NULL AUTO_INCREMENT, AUTO_INCREMENT=6;

--
-- AUTO_INCREMENT for table `held_transaction_items`
--
ALTER TABLE `held_transaction_items`
  MODIFY `id` int(11) NOT NULL AUTO_INCREMENT, AUTO_INCREMENT=5;

--
-- AUTO_INCREMENT for table `invoice_sequence`
--
ALTER TABLE `invoice_sequence`
  MODIFY `id` int(11) NOT NULL AUTO_INCREMENT;

--
-- AUTO_INCREMENT for table `pharmacist`
--
ALTER TABLE `pharmacist`
  MODIFY `staff_id` int(11) NOT NULL AUTO_INCREMENT, AUTO_INCREMENT=6;

--
-- AUTO_INCREMENT for table `pharmacist_sessions`
--
ALTER TABLE `pharmacist_sessions`
  MODIFY `pharmacist_session_id` int(11) NOT NULL AUTO_INCREMENT, AUTO_INCREMENT=67;

--
-- AUTO_INCREMENT for table `prescriptions`
--
ALTER TABLE `prescriptions`
  MODIFY `prescription_id` int(11) NOT NULL AUTO_INCREMENT, AUTO_INCREMENT=3;

--
-- AUTO_INCREMENT for table `prescription_items`
--
ALTER TABLE `prescription_items`
  MODIFY `item_id` int(11) NOT NULL AUTO_INCREMENT;

--
-- AUTO_INCREMENT for table `products`
--
ALTER TABLE `products`
  MODIFY `id` int(11) NOT NULL AUTO_INCREMENT, AUTO_INCREMENT=137;

--
-- AUTO_INCREMENT for table `products_archive`
--
ALTER TABLE `products_archive`
  MODIFY `archive_id` int(11) NOT NULL AUTO_INCREMENT, AUTO_INCREMENT=31;

--
-- AUTO_INCREMENT for table `sales`
--
ALTER TABLE `sales`
  MODIFY `id` int(11) NOT NULL AUTO_INCREMENT;

--
-- AUTO_INCREMENT for table `sales_payments`
--
ALTER TABLE `sales_payments`
  MODIFY `payment_id` int(11) NOT NULL AUTO_INCREMENT;

--
-- AUTO_INCREMENT for table `sales_returns`
--
ALTER TABLE `sales_returns`
  MODIFY `return_id` int(11) NOT NULL AUTO_INCREMENT;

--
-- AUTO_INCREMENT for table `sales_sessions`
--
ALTER TABLE `sales_sessions`
  MODIFY `session_id` int(11) NOT NULL AUTO_INCREMENT, AUTO_INCREMENT=65;

--
-- AUTO_INCREMENT for table `sale_items`
--
ALTER TABLE `sale_items`
  MODIFY `id` int(11) NOT NULL AUTO_INCREMENT;

--
-- AUTO_INCREMENT for table `star_points`
--
ALTER TABLE `star_points`
  MODIFY `star_points_id` int(11) NOT NULL AUTO_INCREMENT, AUTO_INCREMENT=3;

--
-- AUTO_INCREMENT for table `star_points_transactions`
--
ALTER TABLE `star_points_transactions`
  MODIFY `transaction_id` int(11) NOT NULL AUTO_INCREMENT;

--
-- AUTO_INCREMENT for table `users`
--
ALTER TABLE `users`
  MODIFY `user_id` int(11) NOT NULL AUTO_INCREMENT, AUTO_INCREMENT=8;

--
-- Constraints for dumped tables
--

--
-- Constraints for table `branch_inventory`
--
ALTER TABLE `branch_inventory`
  ADD CONSTRAINT `branch_inventory_ibfk_1` FOREIGN KEY (`branch_id`) REFERENCES `branches` (`branch_id`),
  ADD CONSTRAINT `branch_inventory_ibfk_2` FOREIGN KEY (`product_id`) REFERENCES `products` (`id`);

--
-- Constraints for table `branch_inventory_archive`
--
ALTER TABLE `branch_inventory_archive`
  ADD CONSTRAINT `branch_inventory_archive_ibfk_1` FOREIGN KEY (`branch_id`) REFERENCES `branches` (`branch_id`),
  ADD CONSTRAINT `branch_inventory_archive_ibfk_2` FOREIGN KEY (`product_id`) REFERENCES `products` (`id`),
  ADD CONSTRAINT `branch_inventory_archive_ibfk_3` FOREIGN KEY (`archived_by`) REFERENCES `users` (`employee_id`);

--
-- Constraints for table `cash_reconciliation`
--
ALTER TABLE `cash_reconciliation`
  ADD CONSTRAINT `cash_reconciliation_ibfk_1` FOREIGN KEY (`pharmacist_session_id`) REFERENCES `pharmacist_sessions` (`pharmacist_session_id`);

--
-- Constraints for table `category_archive`
--
ALTER TABLE `category_archive`
  ADD CONSTRAINT `category_archive_ibfk_1` FOREIGN KEY (`archived_by`) REFERENCES `users` (`user_id`) ON DELETE NO ACTION ON UPDATE CASCADE;

--
-- Constraints for table `category_barcode_counter`
--
ALTER TABLE `category_barcode_counter`
  ADD CONSTRAINT `category_barcode_counter_ibfk_1` FOREIGN KEY (`category_id`) REFERENCES `category` (`category_id`);

--
-- Constraints for table `held_transactions`
--
ALTER TABLE `held_transactions`
  ADD CONSTRAINT `held_transactions_branch_fk` FOREIGN KEY (`branch_id`) REFERENCES `branches` (`branch_id`) ON DELETE CASCADE ON UPDATE CASCADE,
  ADD CONSTRAINT `held_transactions_customer_fk` FOREIGN KEY (`customer_id`) REFERENCES `customers` (`customer_id`) ON DELETE SET NULL ON UPDATE CASCADE,
  ADD CONSTRAINT `held_transactions_sales_session_fk` FOREIGN KEY (`sales_session_id`) REFERENCES `sales_sessions` (`session_id`) ON DELETE CASCADE ON UPDATE CASCADE;

--
-- Constraints for table `held_transaction_items`
--
ALTER TABLE `held_transaction_items`
  ADD CONSTRAINT `held_transaction_items_product_fk` FOREIGN KEY (`product_id`) REFERENCES `products` (`id`) ON UPDATE CASCADE,
  ADD CONSTRAINT `held_transaction_items_transaction_fk` FOREIGN KEY (`held_transaction_id`) REFERENCES `held_transactions` (`id`) ON DELETE CASCADE ON UPDATE CASCADE;

--
-- Constraints for table `invoice_sequence`
--
ALTER TABLE `invoice_sequence`
  ADD CONSTRAINT `invoice_sequence_branch_fk` FOREIGN KEY (`branch_id`) REFERENCES `branches` (`branch_id`) ON DELETE CASCADE ON UPDATE CASCADE;

--
-- Constraints for table `pharmacist`
--
ALTER TABLE `pharmacist`
  ADD CONSTRAINT `pharmacist_ibfk_1` FOREIGN KEY (`branch_id`) REFERENCES `branches` (`branch_id`);

--
-- Constraints for table `pharmacist_sessions`
--
ALTER TABLE `pharmacist_sessions`
  ADD CONSTRAINT `pharmacist_sessions_ibfk_1` FOREIGN KEY (`session_id`) REFERENCES `sales_sessions` (`session_id`),
  ADD CONSTRAINT `pharmacist_sessions_ibfk_2` FOREIGN KEY (`staff_id`) REFERENCES `pharmacist` (`staff_id`);

--
-- Constraints for table `prescriptions`
--
ALTER TABLE `prescriptions`
  ADD CONSTRAINT `prescriptions_ibfk_1` FOREIGN KEY (`customer_id`) REFERENCES `customers` (`customer_id`);

--
-- Constraints for table `prescription_items`
--
ALTER TABLE `prescription_items`
  ADD CONSTRAINT `prescription_items_ibfk_1` FOREIGN KEY (`prescription_id`) REFERENCES `prescriptions` (`prescription_id`);

--
-- Constraints for table `products`
--
ALTER TABLE `products`
  ADD CONSTRAINT `products_ibfk_1` FOREIGN KEY (`category`) REFERENCES `category` (`category_id`);

--
-- Constraints for table `products_archive`
--
ALTER TABLE `products_archive`
  ADD CONSTRAINT `products_archive_ibfk_1` FOREIGN KEY (`category`) REFERENCES `category` (`category_id`),
  ADD CONSTRAINT `products_archive_ibfk_2` FOREIGN KEY (`archived_by`) REFERENCES `users` (`user_id`),
  ADD CONSTRAINT `products_archive_ibfk_3` FOREIGN KEY (`product_id`) REFERENCES `products` (`id`);

--
-- Constraints for table `sales`
--
ALTER TABLE `sales`
  ADD CONSTRAINT `sales_ibfk_1` FOREIGN KEY (`customer_id`) REFERENCES `customers` (`customer_id`),
  ADD CONSTRAINT `sales_ibfk_2` FOREIGN KEY (`pharmacist_session_id`) REFERENCES `pharmacist_sessions` (`pharmacist_session_id`),
  ADD CONSTRAINT `sales_ibfk_3` FOREIGN KEY (`branch_id`) REFERENCES `branches` (`branch_id`);

--
-- Constraints for table `sales_payments`
--
ALTER TABLE `sales_payments`
  ADD CONSTRAINT `sales_payments_ibfk_1` FOREIGN KEY (`sale_id`) REFERENCES `sales` (`id`);

--
-- Constraints for table `sales_returns`
--
ALTER TABLE `sales_returns`
  ADD CONSTRAINT `sales_returns_ibfk_1` FOREIGN KEY (`sale_id`) REFERENCES `sales` (`id`),
  ADD CONSTRAINT `sales_returns_ibfk_2` FOREIGN KEY (`product_id`) REFERENCES `products` (`id`),
  ADD CONSTRAINT `sales_returns_ibfk_3` FOREIGN KEY (`pharmacist_id`) REFERENCES `pharmacist` (`staff_id`);

--
-- Constraints for table `sales_sessions`
--
ALTER TABLE `sales_sessions`
  ADD CONSTRAINT `sales_sessions_ibfk_1` FOREIGN KEY (`branch_id`) REFERENCES `branches` (`branch_id`);

--
-- Constraints for table `sale_items`
--
ALTER TABLE `sale_items`
  ADD CONSTRAINT `sale_items_ibfk_1` FOREIGN KEY (`sale_id`) REFERENCES `sales` (`id`),
  ADD CONSTRAINT `sale_items_ibfk_2` FOREIGN KEY (`product_id`) REFERENCES `products` (`id`),
  ADD CONSTRAINT `sale_items_ibfk_3` FOREIGN KEY (`prescription_id`) REFERENCES `prescriptions` (`prescription_id`);

--
-- Constraints for table `star_points`
--
ALTER TABLE `star_points`
  ADD CONSTRAINT `star_points_ibfk_1` FOREIGN KEY (`customer_id`) REFERENCES `customers` (`customer_id`);

--
-- Constraints for table `star_points_transactions`
--
ALTER TABLE `star_points_transactions`
  ADD CONSTRAINT `star_points_transactions_ibfk_1` FOREIGN KEY (`star_points_id`) REFERENCES `star_points` (`star_points_id`);

--
-- Constraints for table `users`
--
ALTER TABLE `users`
  ADD CONSTRAINT `users_ibfk_1` FOREIGN KEY (`branch_id`) REFERENCES `branches` (`branch_id`);
COMMIT;

/*!40101 SET CHARACTER_SET_CLIENT=@OLD_CHARACTER_SET_CLIENT */;
/*!40101 SET CHARACTER_SET_RESULTS=@OLD_CHARACTER_SET_RESULTS */;
/*!40101 SET COLLATION_CONNECTION=@OLD_COLLATION_CONNECTION */;
